slug,title,category,categorySlug,publishedAt,description,isNew,isPopular,file
quiz-cinema-alien-test-science-fiction,Quiz Cinéma - Alien - Test ultime sur la saga culte de science-fiction,Cinéma,cinema,,"De Ripley aux xénomorphes, teste tes connaissances avec 20 questions sur l’une des sagas les plus marquantes du cinéma.",true,true,data/quizzes/cinema/cinema-alien.json
quiz-cinema-fabuleux-destin-amelie-poulain,Quiz Cinéma - Amélie Poulain - Seuls les vrais fans auront 20/20,Cinéma,cinema,,"Redécouvre l’univers poétique d’Amélie avec 20 questions sur les personnages, les lieux et les détails cultes du film.",true,true,data/quizzes/cinema/cinema-amelie-poulain.json
quiz-cinema-avatar-test-succes-cinema,Quiz Cinéma - Avatar - Test sur le plus grand succès du cinéma,Cinéma,cinema,,"Pandora, les Na’vi, Jake Sully… réponds à 20 questions et découvre si tu connais vraiment Avatar.",true,true,data/quizzes/cinema/cinema-avatar.json
quiz-cinema-batman-connaissez-vous-toutes-ses-versions,Quiz Cinéma - Batman - Connaissez-vous toutes ses versions ?,Cinéma,cinema,,"Du Batman sombre de Nolan aux versions plus stylisées, testez vos connaissances sur toutes les incarnations du Chevalier Noir.",true,true,data/quizzes/cinema/cinema-batman.json
quiz-cinema-casting-cinema-associez-acteurs-films,Quiz Cinéma - Casting cinéma - Associez les acteurs aux films,Cinéma,cinema,,Saurez-vous relier les bons acteurs aux films qui ont marqué leur carrière ?,true,true,data/quizzes/cinema/cinema-casting.json
quiz-cinema-christopher-nolan-test-sur-ses-oeuvres,Quiz Cinéma - Christopher Nolan - Test sur ses œuvres,Cinéma,cinema,,"Testez vos connaissances sur les films de Christopher Nolan, maître des récits complexes et du grand spectacle.",true,true,data/quizzes/cinema/cinema-nolan.json
quiz-cinema-citations-comiques-saurez-vous-les-completer,Quiz Cinéma - Citations comiques - Saurez-vous les compléter ?,Cinéma,cinema,,"Répliques cultes, punchlines hilarantes et dialogues mémorables : complète 20 citations et découvre si tu maîtrises vraiment les comédies cultes.",true,true,data/quizzes/cinema/cinema-completer.json
quiz-cinema-comedies-francaises-test-ultime-classiques,Quiz Cinéma - Comédies françaises - Test ultime des classiques,Cinéma,cinema,,"Des Bronzés à Intouchables, teste ta connaissance des plus grandes comédies françaises.",true,true,data/quizzes/cinema/cinema-comedie-francaises.json
quiz-cinema-disney-connaissez-vous-les-classiques,Quiz Cinéma - Disney - Connaissez-vous les classiques ?,Cinéma,cinema,,Testez vos connaissances sur les grands classiques Disney qui ont marqué des générations.,true,true,data/quizzes/cinema/cinema-disney.json
quiz-cinema-dune-test-science-fiction,Quiz Cinéma - Dune - Test science-fiction,Cinéma,cinema,,Plongez dans l’univers de Dune et testez vos connaissances sur cette saga de science-fiction culte.,true,true,data/quizzes/cinema/cinema-dune.json
quiz-cinema-et-test-emotion,Quiz Cinéma - E.T. - Test émotion sur le film culte,Cinéma,cinema,,"Amitié, solitude, enfance et imaginaire : réponds à 20 questions et découvre si tu connais vraiment E.T. l’extra-terrestre.",true,true,data/quizzes/cinema/cinema-et.json
quiz-cinema-films-annees-70,Quiz Cinéma - Films années 70 - 20 Films Cultes à Reconnaître - Niveau Expert,Cinéma,cinema,,Plonge dans les années 70 avec 20 questions sur les films cultes qui ont révolutionné le cinéma et teste ta vraie culture ciné.,true,true,data/quizzes/cinema/cinema-70.json
quiz-cinema-films-annees-80-test-nostalgie,Quiz Cinéma - Films années 80 - Test nostalgie,Cinéma,cinema,,Plonge dans les années 80 avec 20 questions culte et découvre si ta mémoire ciné est vraiment nostalgique.,true,true,data/quizzes/cinema/cinema-80.json
quiz-cinema-films-annees-90-etes-vous-un-expert,Quiz Cinéma - Films années 90 - Êtes-vous un expert ?,Cinéma,cinema,,Teste tes connaissances sur les films cultes des années 90 et découvre si tu es un véritable expert du cinéma.,true,true,data/quizzes/cinema/cinema-90.json
quiz-films-classiques-test-ultime,Quiz Cinéma - Films classiques - Test ultime,Cinéma,cinema,,Testez vos connaissances sur les grands films classiques qui ont marqué l’histoire du cinéma.,true,true,data/quizzes/cinema/cinema-film-classique.json
quiz-cinema-films-action-test-explosif,Quiz Cinéma - Films d’action - Test explosif,Cinéma,cinema,,"Adrénaline, poursuites et explosions : testez vos connaissances sur les plus grands films d’action.",true,true,data/quizzes/cinema/cinema-film-action.json
quiz-cinema-films-animation-test-pour-tous-les-ages,Quiz Cinéma - Films d’animation - Test pour tous les âges,Cinéma,cinema,,"Des classiques du dessin animé aux grands succès modernes, testez vos connaissances sur les films d’animation.",true,true,data/quizzes/cinema/cinema-animation.json
quiz-cinema-films-annees-2000,Quiz Cinéma - Films des années 2000 - Test Ultime,Cinéma,cinema,,"Gladiator, Harry Potter, Memento, The Prestige… reconnaîtras-tu les films qui ont marqué les années 2000 ?",true,true,data/quizzes/cinema/cinema-2000.json
quiz-cinema-films-annees-2010,Quiz Cinéma - Films des années 2010 - Teste ta culture cinéma,Cinéma,cinema,,Teste ta culture cinéma avec 20 questions sur les films marquants des années 2010 et découvre si tu reconnais vraiment les classiques récents.,true,true,data/quizzes/cinema/cinema-2010.json
quiz-cinema-films-oscarises-test-prestige,Quiz Cinéma - Films oscarisés - Test prestige,Cinéma,cinema,,Testez vos connaissances sur les films récompensés aux Oscars et prouvez votre culture cinéma.,true,true,data/quizzes/cinema/cinema-films-oscarises.json
quiz-forrest-gump-connaissez-vous-vraiment-ce-classique,Quiz Cinéma - Forrest Gump - Connaissez-vous vraiment ce classique ?,Cinéma,cinema,,Teste tes souvenirs avec 20 questions sur Forrest Gump et découvre si tu connais vraiment ce film culte.,true,true,data/quizzes/cinema/cinema-forest.json
quiz-cinema-ghostbusters-test-fun,Quiz Cinéma - Ghostbusters - Test ultime sur la comédie fantastique culte,Cinéma,cinema,,"Fantômes, gadgets, slime et répliques cultes : réponds à 20 questions et découvre si tu connais vraiment l’univers de Ghostbusters.",true,true,data/quizzes/cinema/cinema-ghostbusters.json
quiz-gladiator-connaissez-vous-vraiment-ce-peplum-mythique,Quiz Cinéma - Gladiator - Connaissez-vous vraiment ce péplum mythique ?,Cinéma,cinema,,Teste tes connaissances avec 20 questions sur Gladiator et découvre si tu maîtrises vraiment ce classique du cinéma.,true,true,data/quizzes/cinema/cinema-gladiator.json
quiz-cinema-harry-potter-niveau-sorcier,Quiz Cinéma - Harry Potter - Niveau sorcier,Cinéma,cinema,,Testez vos connaissances sur la saga Harry Potter et prouvez que vous êtes un véritable sorcier.,true,true,data/quizzes/cinema/cinema-harry-potter.json
quiz-inception-comprenez-vous-vraiment-ce-film-complexe,Quiz Cinéma - Inception - Comprenez-vous vraiment ce film complexe ?,Cinéma,cinema,,Teste ton niveau avec 20 questions sur Inception et découvre si tu as vraiment compris ce film culte.,true,true,data/quizzes/cinema/cinema-inception.json
quiz-cinema-indiana-jones-test-aventure,Quiz Cinéma - Indiana Jones - Test aventure sur la saga culte,Cinéma,cinema,,"Fouet, chapeau et reliques mythiques : réponds à 20 questions et découvre si tu connais vraiment Indiana Jones.",true,true,data/quizzes/cinema/cinema-indiana-jones.json
quiz-cinema-jurassic-park-test-complet-dinosaures,Quiz Cinéma - Jurassic Park - Test complet sur les dinosaures au cinéma,Cinéma,cinema,,Plongez dans l’univers de Jurassic Park et testez vos connaissances sur la saga culte.,true,true,data/quizzes/cinema/cinema-dino.json
quiz-la-grande-vadrouille-test-classique,Quiz Cinéma - La Grande Vadrouille - Test complet du film culte,Cinéma,cinema,,"Testez vos connaissances sur La Grande Vadrouille, l’un des plus grands classiques de la comédie française.",true,true,data/quizzes/cinema/cinema-grande-vadrouille.json
quiz-la-la-land-test-musical,Quiz Cinéma - La La Land - Test ultime musical,Cinéma,cinema,,Testez vos connaissances sur La La Land et revivez l’univers du film musical culte de Damien Chazelle.,true,true,data/quizzes/cinema/cinema-lalaland.json
quiz-cinema-international,Quiz Cinéma - Le meilleur du cinéma international,Cinéma,cinema,,"Testez vos connaissances sur le cinéma international à travers les films, réalisateurs et œuvres majeures du monde entier.",true,false,data/quizzes/cinema/cinema-film-international.json
quiz-cinema-le-seigneur-des-anneaux-test-fantasy,Quiz Cinéma - Le Seigneur des anneaux - Test ultime pour vrais fans de fantasy,Cinéma,cinema,,"Entre anneau unique, batailles épiques et peuples légendaires, réponds à 20 questions et découvre si tu maîtrises vraiment l’univers du Seigneur des anneaux.",true,true,data/quizzes/cinema/cinema-seigneur-des-anneaux.json
quiz-acteurs-transformations-spectaculaires,Quiz Cinéma - Les Acteurs aux Transformations Spectaculaires,Cinéma,cinema,2026-06-10,"Prises de poids, pertes impressionnantes, maquillages extrêmes et métamorphoses étonnantes : connais-tu les plus grandes transformations du cinéma ?",true,true,data/quizzes/cinema/cinema-transformation.json
quiz-acteurs-super-heros,Quiz Cinéma - Les Acteurs Ayant Joué des Super-Héros - 20 rôles cultes à retrouver,Cinéma,cinema,2026-06-13,Teste ta culture cinéma avec 20 questions sur les acteurs qui ont incarné les super-héros les plus célèbres.,true,true,data/quizzes/cinema/cinema-super-heros.json
quiz-acteurs-britanniques-celebres,Quiz Cinéma - Les Acteurs Britanniques Célèbres,Cinéma,cinema,2026-06-07,"Sean Connery, Daniel Craig, Anthony Hopkins ou Emma Thompson : connais-tu les plus grandes stars britanniques du cinéma ?",true,true,data/quizzes/cinema/cinema-acteurs-britanniques.json
les-acteurs-canadiens-celebres,Quiz Cinéma - Les Acteurs Canadiens Célèbres,Cinéma,cinema,2026-07-11,"Carrey, Reeves, Gosling, Myers, Shatner... Sauras-tu reconnaître les acteurs canadiens qui ont conquis le monde ?",true,false,data/quizzes/cinema/cinema-acteur-canadiens.json
quiz-actrices-francaises-legendaires,Quiz Cinéma - Les Actrices Françaises Légendaires - 20 icônes du grand écran,Cinéma,cinema,2026-06-19,"Teste tes connaissances sur les grandes actrices françaises à travers leurs rôles cultes, récompenses et carrières.",true,true,data/quizzes/cinema/cinema-actrices-francaises.json
quiz-les-dents-de-la-mer-test-suspense,Quiz Cinéma - Les Dents de la mer - Test suspense,Cinéma,cinema,,"Testez vos connaissances sur Les Dents de la mer, le classique du suspense qui a traumatisé des générations de spectateurs.",true,true,data/quizzes/cinema/cinema-jaws.json
quiz-cinemales-films-belges-incontournables,Quiz Cinéma - Les Films Belges Incontournables,Cinéma,cinema,2026-07-11,"Dardenne, Van Dormael, Akerman, Poelvoorde... Sauras-tu reconnaître les films belges qui ont marqué le cinéma mondial ?",true,false,data/quizzes/cinema/cinema-film-belges.json
les-films-canadiens,Quiz Cinéma - Les Films Canadiens,Cinéma,cinema,2026-07-11,"Arcand, Cronenberg, Villeneuve, Dolan, Egoyan... Sauras-tu reconnaître les grands films qui ont fait rayonner le cinéma canadien dans le monde ?",true,false,data/quizzes/cinema/cinema-films-canadiens.json
quiz-films-recompenses-cannes,Quiz Cinéma - Les Films Récompensés à Cannes - 20 prix cultes du Festival,Cinéma,cinema,2026-06-16,"Teste tes connaissances sur les films, acteurs et cinéastes récompensés au Festival de Cannes.",true,true,data/quizzes/cinema/cinema-cannes.json
quiz-personnages-feminins-marvel,Quiz Cinéma - Les Personnages Féminins Marvel - 20 héroïnes et antagonistes à reconnaître,Cinéma,cinema,2026-06-04,"Teste ta culture Marvel avec 20 questions sur les héroïnes, mutantes, espionnes, guerrières et antagonistes les plus marquantes.",true,true,data/quizzes/cinema/cinema-personnage-feminins-avengers.json
quiz-plus-grands-films-britanniques-cinema,Quiz Cinéma - Les Plus Grands Films Britanniques,Cinéma,cinema,2026-06-28,Teste tes connaissances sur les plus grands films britanniques qui ont marqué l'histoire du cinéma mondial.,true,true,data/quizzes/cinema/cinema-films-anglais.json
quiz-scandales-oscars,Quiz Cinéma - Les Scandales des Oscars - 20 polémiques qui ont marqué Hollywood,Cinéma,cinema,2026-06-22,"Teste tes connaissances sur les scandales, controverses et moments les plus marquants de l'histoire des Oscars.",true,true,data/quizzes/cinema/cinema-scandales-oscars.json
quiz-cinema-tueurs-de-films,Quiz Cinéma - Les tueurs les plus célèbres du cinéma,Cinéma,cinema,,"Des serial killers aux assassins les plus glaçants du grand écran, réponds à 20 questions et découvre si tu connais vraiment les tueurs les plus marquants du cinéma.",true,true,data/quizzes/cinema/cinema-tueurs.json
quiz-cinema-mechants-de-films-saurez-vous-les-identifier,Quiz Cinéma - Méchants de films - Saurez-vous les identifier ?,Cinéma,cinema,,"Du Joker à Dark Vador en passant par Voldemort ou Hannibal Lecter, réponds à 20 questions et découvre si tu reconnais vraiment les plus grands méchants du cinéma.",true,true,data/quizzes/cinema/cinema-mechant-film.json
quiz-cinema-oppenheimer-test-biopic,Quiz Cinéma - Oppenheimer - Test biopic sur le père de la bombe atomique,Cinéma,cinema,,"Science, guerre et dilemmes moraux : réponds à 20 questions et découvre si tu maîtrises vraiment le film Oppenheimer.",true,true,data/quizzes/cinema/cinema-oppenheimer.json
quiz-cinema-pirates-des-caraibes-test-pirates,Quiz Cinéma - Pirates des Caraïbes - Es-tu incollable sur la saga ?,Cinéma,cinema,,"Cap sur les Caraïbes avec 20 questions sur Jack Sparrow, les malédictions, les navires légendaires et les plus grands personnages de la saga.",true,true,data/quizzes/cinema/cinema-pirates.json
quiz-cinema-pixar-test-films-cultes,Quiz Cinéma - Pixar - Test sur les films cultes,Cinéma,cinema,,"Toy Story, Nemo, Vice-Versa ou Là-haut : teste tes connaissances sur les films Pixar les plus cultes.",true,true,data/quizzes/cinema/cinema-pixar.json
quiz-cinema-realisateurs-reconnaissez-leur-style,Quiz Cinéma - Réalisateurs - Reconnaissez leur style,Cinéma,cinema,,"Saurez-vous reconnaître les plus grands réalisateurs uniquement à travers leur style, leurs thèmes et leurs signatures visuelles ?",true,true,data/quizzes/cinema/cinema-realisateurs.json
quiz-cinema-repliques-cultes-trouvez-le-film,Quiz Cinéma - Répliques cultes - Trouvez le film derrière chaque citation,Cinéma,cinema,,Saurez-vous reconnaître les films cultes uniquement à partir de leurs répliques les plus célèbres ?,true,true,data/quizzes/cinema/cinema-repliques.json
quiz-cinema-retour-vers-le-futur-test-voyage,Quiz Cinéma - Retour vers le futur - Test ultime sur le voyage dans le temps,Cinéma,cinema,,"De la DeLorean à Marty McFly, teste tes connaissances avec 20 questions sur la trilogie culte Retour vers le futur.",true,true,data/quizzes/cinema/cinema-retour-vers-le-futur.json
quiz-cinema-rocky-test-boxe,Quiz Cinéma - Rocky - Test sur la saga culte,Cinéma,cinema,,"Rocky Balboa, Apollo Creed, combats mythiques : réponds à 20 questions et découvre si tu connais vraiment la saga Rocky.",true,true,data/quizzes/cinema/cinema-rocky.json
quiz-cinema-science-fiction-explorez-univers-futuristes,Quiz Cinéma - Science-fiction - Explorez les univers futuristes,Cinéma,cinema,,Voyagez dans le futur et testez vos connaissances sur les plus grands films de science-fiction.,true,true,data/quizzes/cinema/cinema-sciences-fiction.json
quiz-cinema-spider-man-test-ultime-fans,Quiz Cinéma - Spider-Man - Test ultime pour les fans du héros,Cinéma,cinema,,Es-tu un vrai fan de Spider-Man ? Teste tes connaissances sur toutes les versions du héros au cinéma.,true,true,data/quizzes/cinema/cinema-spiderman.json
quiz-cinema-star-wars-etes-vous-un-jedi,Quiz Cinéma - Star Wars - Êtes-vous un Jedi ?,Cinéma,cinema,,Testez vos connaissances sur la saga Star Wars et découvrez si vous êtes digne de la Force.,true,true,data/quizzes/cinema/cinema-star-wars.json
quiz-cinema-tarantino-connaissez-vous-tous-ses-films,Quiz Cinéma - Tarantino - Connaissez-vous tous ses films ?,Cinéma,cinema,,Testez vos connaissances sur les films de Quentin Tarantino et son univers cinématographique culte.,true,true,data/quizzes/cinema/cinema-tarantino.json
quiz-cinema-terminator-test-robot,Quiz Cinéma - Terminator - Survivras-tu face aux machines du futur ?,Cinéma,cinema,,"IA, apocalypse, paradoxes temporels et robots cultes : réponds à 20 questions et découvre si tu connais vraiment la saga Terminator.",true,true,data/quizzes/cinema/cinema-terminator.json
quiz-cinema-thrillers-psychologiques,Quiz Cinéma - Thrillers psychologiques - 20 films cultes pour tester ton esprit,Cinéma,cinema,,"Manipulation, mémoire, obsession… teste ton esprit avec 20 questions sur les meilleurs thrillers psychologiques.",true,true,data/quizzes/cinema/cinema-thriller-psycho.json
quiz-cinema-titanic-testez-vos-connaissances-film-culte,Quiz Cinéma - Titanic - Testez vos connaissances sur ce film culte,Cinéma,cinema,,Plongez dans l’univers de Titanic et testez vos connaissances sur ce film légendaire.,true,true,data/quizzes/cinema/cinema-titanic.json
quiz-cinema-roles-refuses-acteurs,Quiz Cinéma – Les rôles refusés par des acteurs célèbres,Cinéma,cinema,2026-08-01,"Han Solo refusé par Al Pacino, Neo refusé par Will Smith, Gandalf refusé par Sean Connery, Forrest Gump refusé par John Travolta… Ces acteurs auraient changé l'histoire du cinéma. Mais qui a dit non ?",true,false,data/quizzes/cinema/cinema-role-refuses.json
quiz-cinema-impossible-seuls-1-pourcent-reussissent,Quiz Cinéma Impossible - Seuls 1% font 20/20,Cinéma,cinema,,Un quiz ultra difficile pour les vrais passionnés de cinéma. Arriverez-vous à faire un sans-faute ?,true,true,data/quizzes/cinema/cinema-impossible.json
quiz-cinema-shining-test-culte,Quiz Cinéma Shining - Test culte sur le film de Kubrick,Cinéma,cinema,,"Entre folie, isolement et horreur psychologique, réponds à 20 questions et découvre si tu connais vraiment Shining.",true,true,data/quizzes/cinema/cinema-shinig.json
quiz-culture-generale-anti-heros-celebres-20-questions,Quiz Anti-Héros Célèbres - Connais-tu vraiment ces personnages cultes ?,Culture générale,culture-generale,,"Walter White, Deadpool, Dexter, Raskolnikov… reconnaîtras-tu les anti-héros les plus célèbres de la fiction ?",true,true,data/quizzes/culture-generale/culture-generale-anti-hero.json
quiz-chansons-francaises,Quiz Chansons Françaises - Reconnais-tu ces 20 chansons cultes ?,Culture générale,culture-generale,,"Piaf, Brel, France Gall, Renaud, Goldman, Stromae… connais-tu vraiment les chansons qui ont marqué plusieurs générations ?",true,true,data/quizzes/culture-generale/culture-generale-chansons-francaises.json
quiz-citations-celebres,Quiz Citations Célèbres - Reconnais-tu ces 20 phrases cultes ?,Culture générale,culture-generale,,"Auteurs mythiques, phrases historiques et citations marquantes : teste ta culture générale.",true,true,data/quizzes/culture-generale/culture-generale-citations.json
quiz-culture-generale-connais-tu-vraiment-le-luxembourg,Quiz Culture Générale - 20 Questions pour Découvrir le Luxembourg,Culture générale,culture-generale,2026-07-03,"Géographie, histoire, institutions, économie, gastronomie et patrimoine : découvre si tu connais vraiment le Grand-Duché de Luxembourg.",true,false,data/quizzes/culture-generale/culture-generale-luxembourg.json
quiz-culture-generale-cerveau-piege,Quiz Culture Générale - 20 questions qui trompent ton cerveau,Culture générale,culture-generale,,20 questions conçues pour te faire douter… même quand tu es sûr de toi.,true,true,data/quizzes/culture-generale/culture-generale-trompe-cerveau.json
quiz-mots-que-tu-ecris-mal,Quiz Culture Générale - Ces mots que tu écris mal – Impossible de faire 10/10,Culture générale,culture-generale,,Un quiz d’orthographe rempli de pièges sur les mots que tout le monde écrit mal.,true,true,data/quizzes/culture-generale/culture-generale-vocabulaire.json
quiz-histoire-pieges-logique-existence,Quiz Culture Générale - Ces pays existaient déjà… ou pas ?,Culture générale,culture-generale,,"Certains pays existaient déjà quand tu ne l'imagines pas. Dans ce quiz, un pays est considéré comme « existant » lorsqu'un État souverain portant ce nom, ou correspondant directement à l'État moderne actuel, est constitué.",true,true,data/quizzes/culture-generale/culture-generale-pays-existence.json
quiz-histoire-chronologie-pieges,Quiz Culture Générale - Chronologie : quel événement est le plus ancien ou le plus récent ?,Culture générale,culture-generale,,"Attention, ton cerveau va te piéger : sauras-tu repérer, parmi quatre propositions, l'événement historique le plus ancien ou le plus récent ?",true,true,data/quizzes/culture-generale/culture-generale-chronologie.json
quiz-cinema-hollywood,Quiz Culture Générale - Cinéma Hollywoodien - 20 questions sur les films et stars cultes,Culture générale,culture-generale,,"Blockbusters, Oscars, acteurs mythiques et répliques cultes : teste ta culture sur Hollywood.",true,true,data/quizzes/culture-generale/culture-generale-cinema-hollywood.json
les-expressions-suisses,Quiz Culture Générale - Comprends-tu Vraiment les Expressions Suisses ?,Culture générale,culture-generale,2026-07-02,Connais-tu vraiment les helvétismes et expressions du quotidien suisse ?,true,false,data/quizzes/culture-generale/culture-generale-langue-suisse.json
connais-tu-vraiment-la-suisse,Quiz Culture Générale - Connais-tu Vraiment la Suisse ?,Culture générale,culture-generale,2026-07-01,"Géographie, histoire, traditions et spécialités : connais-tu vraiment la Suisse ?",true,false,data/quizzes/culture-generale/culture-generale-suisse.json
quiz-culture-generale-classiques-francais-20-questions,Quiz Culture Générale - Connaissez-vous vraiment les classiques de la littérature française ?,Culture générale,culture-generale,,Un quiz de culture générale pour tester vos connaissances sur les grands classiques de la littérature française.,true,true,data/quizzes/culture-generale/culture-generale-classique-litterature.json
quiz-culture-generale-couples-celebres-20-questions,Quiz Culture Générale - Couples Célèbres,Culture générale,culture-generale,,"Un quiz de culture générale sur les couples célèbres pour tester vos connaissances sur les duos mythiques de l’histoire, de la littérature, du cinéma et de la culture populaire.",true,true,data/quizzes/culture-generale/culture-generale-couples-celebres.json
quiz-culture-generale-dictateurs-celebres-20-questions,Quiz Culture Générale - Dictateurs Célèbres – 20 Questions,Culture générale,culture-generale,,Un quiz de culture générale sur les dictateurs célèbres pour tester vos connaissances en histoire mondiale.,true,true,data/quizzes/culture-generale/culture-generale-dictateur-celebres.json
quiz-culture-generale-empires-disparus-20-questions,Quiz Culture Générale - Empires Disparus – 20 Questions,Culture générale,culture-generale,,Un quiz de culture générale sur les empires disparus pour tester vos connaissances sur les grandes puissances de l’histoire mondiale.,true,true,data/quizzes/culture-generale/culture-generale-empires-disparus.json
connais-tu-vraiment-le-quebec,Quiz Culture Générale - Es-tu Incollable sur le Québec ?,Culture générale,culture-generale,2026-07-02,"Géographie, histoire, culture et traditions : connais-tu vraiment le Québec ?",true,false,data/quizzes/culture-generale/culture-generale-quebec.json
quiz-culture-generale-top-5-pourcent,Quiz Culture Générale - Fais-tu partie du Top 5% ?,Culture générale,culture-generale,,Teste ton niveau avec 20 questions difficiles et découvre si tu fais partie des 5% les plus cultivés.,true,true,data/quizzes/culture-generale/culture-generale-5%.json
quiz-culture-generale-familles-royales-20-questions,Quiz Culture Générale - Familles Royales,Culture générale,culture-generale,,Un quiz de culture générale sur les familles royales pour tester vos connaissances sur les monarchies du monde et leurs figures emblématiques.,true,true,data/quizzes/culture-generale/culture-generale-famille-royale.json
quiz-culture-generale-fausses-verites-scientifiques,Quiz Culture Générale - Fausses vérités scientifiques – 90% se trompent,Culture générale,culture-generale,,Un quiz de culture générale basé sur les idées reçues scientifiques que tout le monde croit vraies.,true,true,data/quizzes/culture-generale/culture-generale-fausse-verite-scientifique.json
quiz-culture-generale-films-cultes-americains-20-questions,Quiz Culture Générale - Films Cultes Américains,Culture générale,culture-generale,,"Un quiz de culture générale pour tester vos connaissances sur les films cultes américains et leurs réalisateurs, acteurs et répliques.",true,true,data/quizzes/culture-generale/culture-generale-films-cultes-us.json
quiz-culture-generale-frontieres-trompeuses,Quiz Culture Générale - Frontières trompeuses,Culture générale,culture-generale,,Un quiz de culture générale sur les frontières du monde que la plupart des gens confondent.,true,true,data/quizzes/culture-generale/culture-generale-frontiere.json
quiz-culture-generale-histoire-geographie-20-questions,Quiz Culture Générale - Histoire & Géographie – 20 Questions,Culture générale,culture-generale,,Un quiz de culture générale mêlant histoire et géographie pour tester vos connaissances sur les grands événements et les lieux marquants du monde.,false,true,data/quizzes/culture-generale/culture-generale-histoire-geographie.json
quiz-histoire-de-france,Quiz Culture Générale - Histoire de France - 20 questions pour tester tes connaissances,Culture générale,culture-generale,,"Rois, révolutions, batailles et grandes dates : teste ta culture générale sur l’histoire de France.",true,true,data/quizzes/culture-generale/culture-generale-histoire-de-france.json
quiz-culture-generale-histoire-moderne-20-questions,Quiz Culture Générale - Histoire Moderne – 20 Questions,Culture générale,culture-generale,,"Un quiz de culture générale sur l’histoire moderne pour tester vos connaissances sur les grandes dates, les révolutions, les empires et les transformations du monde.",true,true,data/quizzes/culture-generale/culture-generale-histoire-moderne.json
quiz-institutions-francaises,"Quiz Culture Générale - Institutions françaises – Assemblée, Sénat, Conseil constitutionnel…",Culture générale,culture-generale,2026-08-30,"Quinquennat, 49-3, cohabitation, motion de censure, QPC… Savez-vous vraiment comment fonctionnent les institutions de la Ve République ?",true,false,data/quizzes/culture-generale/culture-generale-assemblee.json
quiz-culture-generale-jeux-olympiques-histoire-exploits-20-questions,"Quiz Culture Générale - Jeux Olympiques, Histoire et Exploits",Culture générale,culture-generale,,Un quiz de culture générale pour tester vos connaissances sur l’histoire des Jeux Olympiques et les exploits qui ont marqué la compétition.,true,true,data/quizzes/culture-generale/culture-generale-jeux-olympiques.json
quiz-culture-generale-joueurs-celebres-20-questions,Quiz Culture Générale - Joueurs Célèbres,Culture Générale,culture-generale,,Un quiz de culture générale sur les joueurs célèbres pour tester vos connaissances sur les grandes stars du sport.,true,true,data/quizzes/culture-generale/culture-generale-joueurs-celebres.json
quiz-culture-generale-constitution-americaine-20-questions,Quiz Culture Générale - La Constitution Américaine,Culture générale,culture-generale,,Un quiz de culture générale pour tester vos connaissances sur la Constitution des États-Unis et ses principes fondamentaux.,true,true,data/quizzes/culture-generale/culture-generale-constitution-us.json
quiz-langue-francaise-dans-le-monde,Quiz Culture Générale - La Langue Française Dans Le Monde - 20 questions,Culture Générale,culture-generale,2026-06-26,"Teste tes connaissances sur la place du français dans le monde, la francophonie et les pays où cette langue est parlée.",true,true,data/quizzes/culture-generale/culture-generale-langue-francaise.json
quiz-culture-generale-corps-humain-surprenant,Quiz Culture Générale - Le corps humain va te surprendre,Culture générale,culture-generale,,20 faits étonnants sur ton corps que tu ignores probablement.,true,true,data/quizzes/culture-generale/culture-generale-corps-humain.json
quiz-culture-generale-tout-parait-evident,Quiz Culture Générale - Le quiz où tout paraît évident (niveau expert),Culture générale,culture-generale,,20 questions qui semblent simples… mais que presque tout le monde rate.,true,true,data/quizzes/culture-generale/culture-generale-evident.json
quiz-culture-generale-adaptations-livres-dessins-animes-20-questions,Quiz Culture Générale - Les adaptations de livres en dessins animés,Culture générale,culture-generale,,Un quiz de culture générale sur les dessins animés adaptés de livres. Testez vos connaissances sur les œuvres littéraires qui ont inspiré des films et séries d’animation cultes.,true,true,data/quizzes/culture-generale/culture-generale-livres-dessins-animes.json
quiz-culture-generale-ballons-dor-quiz-ultime-20-questions,Quiz Culture Générale - Les Ballons d’Or,Culture générale,culture-generale,,Un quiz de culture générale pour tester vos connaissances sur les vainqueurs du Ballon d’Or et l’histoire de cette récompense mythique.,true,true,data/quizzes/culture-generale/culture-generale-ballon-d-or.json
quiz-culture-generale-capitales-les-plus-meconnues-20-questions,Quiz Culture Générale - Les Capitales les Plus Méconnues,Culture générale,culture-generale,,Un quiz de culture générale pour tester vos connaissances sur les capitales les moins connues du monde et les grandes villes souvent confondues avec elles.,true,true,data/quizzes/culture-generale/culture-generale-capitales-meconnues.json
les-celebrites-belges-les-plus-connues,Quiz Culture Générale - Les Célébrités Belges les Plus Connues,Culture générale,culture-generale,2026-07-01,"Acteurs, chanteurs, sportifs, artistes : connais-tu vraiment les Belges les plus célèbres ?",true,false,data/quizzes/culture-generale/culture-generale-celebrite-belges.json
quiz-culture-generale-comedies-musicales-20-questions,Quiz Culture Générale - Les comédies musicales – 20 Questions,Culture générale,culture-generale,,"Un quiz de culture générale pour tester vos connaissances sur les comédies musicales, des classiques de Broadway aux grandes productions internationales.",true,true,data/quizzes/culture-generale/culture-generale-comedies-musicles.json
quiz-culture-generale-couples-mythiques-litterature-20-questions,Quiz Culture Générale - Les Couples Mythiques en Littérature,Culture générale,culture-generale,,Un quiz de culture générale pour tester vos connaissances sur les couples emblématiques de la littérature.,true,true,data/quizzes/culture-generale/culture-generale-couples-litterature.json
quiz-culture-generale-departements-francais-20-questions,Quiz Culture Générale - Les départements français,Culture générale,culture-generale,,"Un quiz de culture générale pour tester vos connaissances sur les départements français, leurs numéros, leurs préfectures, leur géographie et leurs particularités historiques.",true,true,data/quizzes/culture-generale/culture-generale-departement-francais.json
quiz-culture-generale-empires-plus-puissants-histoire-20-questions,Quiz Culture Générale - Les Empires les Plus Puissants de l’Histoire,Culture générale,culture-generale,,Un quiz de culture générale pour tester vos connaissances sur les plus grands empires qui ont marqué l’histoire mondiale.,true,true,data/quizzes/culture-generale/culture-generale-empire-puissant.json
quiz-exploits-plus-impressionnants,Quiz Culture Générale - Les Exploits les Plus Impressionnants,Culture générale,culture-generale,2026-06-07,"Des sommets de l’Himalaya à l’espace, découvre les exploits qui ont marqué l’histoire de l’humanité.",true,true,data/quizzes/culture-generale/culture-generale-exploits.json
les-expressions-belges-les-comprends-tu-vraiment,Quiz Culture Générale - Les Expressions Belges - les Comprends-tu Vraiment ?,Culture générale,culture-generale,2026-06-30,Connais-tu vraiment les expressions et belgicismes du quotidien ?,true,false,data/quizzes/culture-generale/culture-generale-expression-belge.json
quiz-culture-generale-faits-scientifiques-etranges,Quiz Culture Générale - Les faits scientifiques étranges,Culture générale,culture-generale,,20 faits scientifiques bizarres… mais certains sont faux. À toi de ne pas te faire piéger.,true,true,data/quizzes/culture-generale/culture-generale-faits-scientifique-etranges.json
quiz-culture-generale-grandes-dates-histoire,Quiz Culture Générale - Les grandes dates de l’histoire,Culture générale,culture-generale,,20 dates incontournables pour comprendre l’histoire du monde.,true,true,data/quizzes/culture-generale/culture-generale-date-histoire.json
quiz-culture-generale-grandes-dates-histoire-usa-20-questions,Quiz Culture Générale - Les Grandes Dates de l’Histoire des États-Unis,Culture générale,culture-generale,,Un quiz de culture générale sur les grandes dates de l’histoire américaine pour tester vos connaissances sur les événements majeurs des États-Unis.,true,true,data/quizzes/culture-generale/culture-generale-dates-histoire-us.json
quiz-grandes-fortunes-histoire-culture-generale,Quiz Culture Générale - Les Grandes Fortunes de l'Histoire,Culture Générale,culture-generale,2026-06-29,"Teste tes connaissances sur les personnages, familles et empires qui ont accumulé d'immenses fortunes au fil de l'histoire.",true,true,data/quizzes/culture-generale/culture-generale-fortune.json
quiz-grandes-migrations-humaines,Quiz Culture Générale - Les Grandes Migrations Humaines - 20 déplacements qui ont façonné le monde,Culture Générale,culture-generale,2026-06-22,Teste tes connaissances sur les grandes migrations humaines qui ont transformé l'histoire des peuples et des civilisations.,true,true,data/quizzes/culture-generale/culture-generale-migrations-humaine.json
quiz-culture-generale-guerres-qui-ont-change-le-monde-20-questions,Quiz Culture Générale - Les Guerres qui ont Changé le Monde – 20 Questions,Culture générale,culture-generale,,Un quiz de culture générale pour tester vos connaissances sur les guerres majeures qui ont marqué l’histoire mondiale.,true,true,data/quizzes/culture-generale/culture-generale-guerre-monde.json
quiz-inventions-cuisine,Quiz Culture Générale - Les Inventions de Cuisine - 20 innovations qui ont transformé nos cuisines,Culture générale,culture-generale,2026-06-16,"Teste tes connaissances sur les inventions, appareils, ustensiles et produits qui ont révolutionné la cuisine et l’alimentation.",true,true,data/quizzes/culture-generale/culture-generale-cuisine.json
quiz-culture-generale-inventions-revolutionnaires-humanite-20-questions,Quiz Culture Générale - Les Inventions qui ont Révolutionné l’Humanité,Culture générale,culture-generale,,Un quiz de culture générale pour tester vos connaissances sur les inventions majeures qui ont transformé l’histoire de l’humanité.,true,true,data/quizzes/culture-generale/culture-generale-inventions-humanite.json
quiz-culture-generale-moments-historiques-du-sport-20-questions,Quiz Culture Générale - Les Moments Historiques du Sport,Culture générale,culture-generale,,Un quiz de culture générale pour tester vos connaissances sur les moments les plus marquants de l’histoire du sport.,true,true,data/quizzes/culture-generale/culture-generale-histoire-sport.json
quiz-culture-generale-mysteres-civilisations-disparues-20-questions,Quiz Culture Générale - Les Mystères des Civilisations Disparues,Culture générale,culture-generale,,"Un quiz de culture générale pour explorer les mystères des grandes civilisations disparues comme les Mayas, les Incas ou les Égyptiens.",true,true,data/quizzes/culture-generale/culture-generale-civilisation-anciennes.json
quiz-culture-generale-personnalites-plus-influentes-20-questions,Quiz Culture Générale - Les Personnalités les Plus Influentes,Culture générale,culture-generale,,"Un quiz de culture générale pour tester vos connaissances sur les personnalités qui ont profondément marqué l’histoire, la science, la politique et la culture.",true,true,data/quizzes/culture-generale/culture-generale-personnalite-influentes.json
quiz-culture-generale-pieges-mathematiques,Quiz Culture Générale - Les pièges mathématiques,Culture générale,culture-generale,,20 questions où les maths vont tromper ton intuition.,true,true,data/quizzes/culture-generale/culture-generale-pieges-math.json
quiz-culture-generale-plus-grandes-inventions-antiquite-20-questions,Quiz Culture Générale - Les Plus Grandes Inventions de l’Antiquité,Culture générale,culture-generale,,Un quiz de culture générale pour tester vos connaissances sur les inventions majeures de l’Antiquité et leur impact sur les civilisations.,true,true,data/quizzes/culture-generale/culture-generale-invention-antiquite.json
quiz-culture-generale-les-plus-grandes-villes-francophones,Quiz Culture Générale - Les Plus Grandes Villes Francophones,Culture générale,culture-generale,2026-07-07,"Paris, Kinshasa, Montréal, Abidjan... Sauras-tu reconnaître les grandes métropoles du monde francophone ?",true,false,data/quizzes/culture-generale/culture-generale-pays-francophone.json
quiz-records-construction,Quiz Culture Générale - Les Records de Construction,Culture générale,culture-generale,2026-06-10,"Tours géantes, ponts records, tunnels impressionnants et ouvrages hors normes : connais-tu les plus grands exploits de la construction ?",true,true,data/quizzes/culture-generale/culture-generale-construction.json
quiz-culture-generale-revolutions-celebres-20-questions,Quiz Culture Générale - Les Révolutions Célèbres,Culture générale,culture-generale,,Un quiz de culture générale pour tester vos connaissances sur les grandes révolutions qui ont marqué l’histoire.,true,true,data/quizzes/culture-generale/culture-generale-revolution.json
quiz-societes-secretes,Quiz Culture Générale - Les Sociétés Secrètes - 20 questions sur les organisations les plus mystérieuses de l'histoire,Culture générale,culture-generale,2026-06-13,"Teste tes connaissances sur les sociétés secrètes, confréries, ordres et organisations discrètes qui ont marqué l'histoire.",true,true,data/quizzes/culture-generale/culture-generale-secrets.json
les-traditions-belges-les-connais-tu-toutes,Quiz Culture Générale - Les Traditions Belges - les Connais-tu Toutes ?,Culture générale,culture-generale,2026-07-01,"Carnavals, processions, fêtes populaires : connais-tu vraiment les traditions belges ?",true,false,data/quizzes/culture-generale/culture-generale-traditions-belges.json
quiz-tresors-perdus,Quiz Culture Générale - Les Trésors Perdus - 20 mystères fascinants,Culture Générale,culture-generale,2026-06-19,"Pars à la découverte des trésors les plus célèbres de l'histoire, entre légendes, naufrages et mystères non résolus.",true,true,data/quizzes/culture-generale/culture-generale-tresors-perdus.json
quiz-culture-generale-vainqueurs-coupe-du-monde-20-questions,Quiz Culture Générale - Les Vainqueurs de la Coupe du Monde,Culture générale,culture-generale,,Un quiz de culture générale pour tester vos connaissances sur les équipes ayant remporté la Coupe du monde de football.,true,true,data/quizzes/culture-generale/culture-generale-coupe-du-monde.json
quiz-culture-generale-vieux-dessins-animes-oublies-20-questions,Quiz Culture Générale - Les vieux dessins animés oubliés,Culture générale,culture-generale,,"Un quiz de culture générale pour tester vos souvenirs sur les vieux dessins animés parfois tombés dans l’oubli. Entre séries cultes, programmes rétro et pépites de l’animation, saurez-vous retrouver ces classiques d’une autre époque ?",true,true,data/quizzes/culture-generale/culture-generale-dessins-animes-oublies.json
quiz-culture-generale-pseudonymes-auteurs-20-questions,Quiz Culture Générale - Littérature – Connais-tu les vrais noms des grands écrivains ?,Culture générale,culture-generale,,Un quiz de culture générale pour tester vos connaissances sur les pseudonymes d’écrivains célèbres.,true,true,data/quizzes/culture-generale/culture-generale-pseudonymes.json
quiz-culture-generale-mouvements-artistiques-20-questions,Quiz Culture Générale - Mouvements Artistiques,Culture générale,culture-generale,,"Un quiz de culture générale sur les mouvements artistiques pour tester vos connaissances en peinture, sculpture et histoire de l’art.",true,true,data/quizzes/culture-generale/culture-generale-mouvement-artistique.json
quiz-mythologie-nordique,"Quiz Culture Générale - Mythologie nordique – Thor, Odin, Loki : connaissez-vous les vraies légendes ?",Culture générale,culture-generale,2026-08-30,"L'œil d'Odin, le marteau de Thor, les enfants de Loki, Ragnarök… Oubliez Marvel et plongez dans les vraies légendes nordiques.",true,false,data/quizzes/culture-generale/culture-generale-mythologie-nordique.json
quiz-culture-generale-bac,Quiz Culture Générale - Niveau lycée – Auriez-vous votre bac aujourd'hui ?,Culture générale,culture-generale,2026-08-26,"Maths, physique, SVT, littérature, histoire-géo, philo, arts… 20 questions niveau lycée pour tester si tu mérites encore ton bac !",true,false,data/quizzes/culture-generale/culture-generale-bac.json
quiz-culture-generale-pays-ou-capitales,Quiz Culture Générale - Pays ou capitales ?,Culture générale,culture-generale,,20 questions pour tester si tu sais vraiment reconnaître les pays et leurs capitales.,true,true,data/quizzes/culture-generale/culture-generale-capitales-pays.json
peux-tu-battre-un-americain-a-ce-quiz-20-questions,Quiz Culture Générale - Peux-tu battre un Américain à ce quiz ?,Culture générale,culture-generale,,"Un quiz de culture générale sur les États-Unis pour tester vos connaissances en histoire, géographie, politique et culture américaine.",true,true,data/quizzes/culture-generale/culture-generale-peux-tu-battre-un-americain.json
les-expressions-quebecoises,Quiz Culture Générale - Peux-tu Faire un Sans-Faute sur les Expressions Québécoises ?,Culture générale,culture-generale,2026-07-02,Connais-tu vraiment les expressions et mots du quotidien québécois ?,true,false,data/quizzes/culture-generale/culture-generale-expression-quebecoise.json
les-traditions-quebecoises,Quiz Culture Générale - Peux-tu Faire un Sans-Faute sur les Traditions Québécoises ?,Culture générale,culture-generale,2026-07-03,"Cabane à sucre, légendes, festivals : connais-tu vraiment les traditions du Québec ?",true,false,data/quizzes/culture-generale/culture-generale-traditions-quebec.json
quiz-culture-generale-pieges-linguistiques,Quiz Culture Générale - Pièges linguistiques – Ton cerveau va te piéger,Culture générale,culture-generale,,Un quiz de culture générale basé sur les pièges linguistiques et les erreurs que tout le monde fait.,true,true,data/quizzes/culture-generale/culture-generale-pieges-linguistiques.json
quiz-culture-generale-presidents-americains-facile-expert-20-questions,Quiz Culture Générale - Présidents Américains,Culture générale,culture-generale,,Un quiz de culture générale sur les présidents américains pour tester vos connaissances du niveau facile au niveau expert.,true,true,data/quizzes/culture-generale/culture-generale-president-us.json
quiz-prix-nobel,"Quiz Culture Générale - Prix Nobel – Scientifiques, écrivains et personnalités célèbres",Culture générale,culture-generale,2026-08-28,"Marie Curie, Einstein, Mandela, Bob Dylan, Malala… 20 questions pour tester vos connaissances sur les lauréats les plus célèbres de l'histoire des prix Nobel.",true,false,data/quizzes/culture-generale/culture-generale-nobel.json
quiz-histoire-qui-vivait-en-meme-temps,Quiz Culture Générale - Qui vivait vraiment en même temps ?,Culture générale,culture-generale,,Ces personnages semblent séparés par des siècles… et pourtant. Ou pas.,true,true,data/quizzes/culture-generale/culture-generale-qui-vivait-en-meme-temps.json
quiz-culture-generale-personnages-romans-reconnaitre-20-questions,Quiz Culture Générale - Reconnaître les Personnages de Romans,Culture générale,culture-generale,,Un quiz de culture générale pour tester votre capacité à reconnaître des personnages célèbres et retrouver leur roman d’origine.,true,true,data/quizzes/culture-generale/culture-generale-romans-personnages.json
quiz-reseaux-sociaux-chiffres-records-histoire,"Quiz Culture Générale - Réseaux Sociaux - Chiffres, records et histoire",Culture générale,culture-generale,2026-06-04,"Connais-tu vraiment l'histoire, les records et les coulisses des réseaux sociaux ?",true,true,data/quizzes/culture-generale/culture-generale-rs.json
quiz-culture-generale-scandales-celebres-20-questions,Quiz Culture Générale - Scandales Célèbres – 20 Questions,Culture générale,culture-generale,,"Un quiz de culture générale sur les scandales célèbres pour tester vos connaissances en politique, économie, technologie et sport.",true,true,data/quizzes/culture-generale/culture-generale-scandales-celebres.json
quiz-culture-generale-series-cultes-20-questions,Quiz Culture Générale - Séries Cultes,Culture générale,culture-generale,,Un quiz de culture générale sur les séries cultes pour tester vos connaissances sur les plus grands succès de la télévision.,true,true,data/quizzes/culture-generale/culture-generale-series-cultes.json
quiz-culture-generale-enfants-annees-90-20-questions,Quiz Culture Générale - Seuls les enfants des années 90 réussiront ce quiz,Culture générale,culture-generale,,"Un quiz de culture générale spécialement conçu pour les enfants des années 90. Testez vos souvenirs sur les dessins animés, les jeux, la musique et la culture pop de cette décennie culte.",true,true,data/quizzes/culture-generale/culture-generale-annees-90.json
seuls-les-vrais-belges-reussiront-ce-quiz,Quiz Culture Générale - Seuls les Vrais Belges Réussiront ce Quiz,Culture générale,culture-generale,2026-06-30,"Frites, gaufres, Manneken-Pis, Diables Rouges, Tintin ou expressions belges : connais-tu vraiment la Belgique ?",true,true,data/quizzes/culture-generale/culture-generale-belges.json
quiz-culture-generale-fake-facts,Quiz Culture Générale - Spécial Fake Facts,Culture générale,culture-generale,,20 affirmations piégeuses pour tester si tu sais vraiment distinguer le vrai du faux.,true,true,data/quizzes/culture-generale/culture-generale-fake-facts.json
quiz-culture-generale-sports-insolites-et-records-improbables-20-questions,Quiz Culture Générale - Sports Insolites et Records Improbables,Culture générale,culture-generale,,"Un quiz de culture générale pour tester vos connaissances sur les sports insolites, les disciplines étonnantes et les records les plus improbables du monde sportif.",true,true,data/quizzes/culture-generale/culture-generale-sport-insolite.json
quiz-culture-generale-super-bowl-histoire-et-records-20-questions,"Quiz Culture Générale - Super Bowl, Histoire et Records",Culture générale,culture-generale,,"Un quiz de culture générale pour tester vos connaissances sur l’histoire du Super Bowl, ses records, ses équipes mythiques et ses moments légendaires.",true,true,data/quizzes/culture-generale/culture-generale-super-bowl.json
quiz-culture-generale-synonymes-20-questions,Quiz Culture Générale - Synonymes,Culture Générale,culture-generale,,Un quiz de culture générale pour tester votre maîtrise des synonymes et enrichir votre vocabulaire.,true,true,data/quizzes/culture-generale/culture-generale-synonymes.json
quiz-tableaux-celebres,Quiz Culture Générale - Tableaux célèbres – Connaissez-vous l'histoire derrière ces chefs-d'œuvre ?,Culture générale,culture-generale,2026-08-29,"Vol de la Joconde, scandale de l'Olympia, vertèbres manquantes, miroir secret… 20 anecdotes et histoires cachées derrière les tableaux les plus célèbres du monde.",true,false,data/quizzes/culture-generale/culture-generale-tableau.json
quiz-culture-generale-tu-pensais-que-c-etait-vrai,Quiz Culture Générale - Tu pensais que c’était vrai ?,Culture générale,culture-generale,,20 idées reçues originales qui vont vraiment remettre en question tes certitudes.,true,true,data/quizzes/culture-generale/culture-generale-pensais-vrai.json
quiz-culture-generale-annees-2000,Quiz Culture Générale – 20 questions pour les enfants des années 2000,Culture générale,culture-generale,2026-08-27,"iPod, MSN, Bob l'éponge, Zidane, Linkin Park, Harry Potter… Ferme les yeux une seconde et replonge dans les années 2000.",true,false,data/quizzes/culture-generale/culture-generale-2000.json
quiz-culture-generale-canulars-impostures-histoire,Quiz Culture Générale – Les plus grands canulars et impostures de l'histoire,Culture générale,culture-generale,2026-08-01,"La Guerre des mondes, l'homme de Piltdown, les fées de Cottingley, les journaux d'Hitler, le monstre du Loch Ness, Milli Vanilli, Anna Anderson, Han van Meegeren… Teste tes connaissances sur les plus grandes supercheries, faux et impostures qui ont trompé le monde !",true,false,data/quizzes/culture-generale/culture-generale-canulars.json
quiz-culture-generale-grandes-oeuvres-artistiques-20-questions,Quiz Culture Générale : Les Grandes Œuvres Artistiques – 20 Questions,Culture générale,culture-generale,,Un quiz de culture générale pour tester vos connaissances sur les grandes œuvres artistiques qui ont marqué l’histoire de l’art.,true,true,data/quizzes/culture-generale/culture-generale-oeuvres-artistiques.json
quiz-culture-generale-cinema-et-musique-20-questions,Quiz Culture Générale Cinéma & Musique – 20 Questions,Culture générale,culture-generale,,"Un quiz de culture générale sur le cinéma et la musique avec 20 questions variées sur les films, les artistes et les œuvres cultes.",true,true,data/quizzes/culture-generale/culture-generale-musique-cinema.json
quiz-cinema-francais,Quiz Culture Générale Cinéma Français - 20 questions pour tester ta culture ciné,Culture générale,culture-generale,,"Répliques cultes, réalisateurs mythiques, acteurs incontournables et films légendaires : ce quiz met ton cinéma français à l’épreuve.",true,true,data/quizzes/culture-generale/culture-generale-cinema-francais.json
quiz-climat-ecologie,Quiz Culture Générale Climat et Écologie - 20 questions pour comprendre la planète,Culture générale,culture-generale,,"Réchauffement climatique, biodiversité, pollution et solutions : teste ta culture générale.",true,true,data/quizzes/culture-generale/culture-generale-climat-ecolo.json
quiz-corps-humain,Quiz Culture Générale Corps Humain - 20 questions,Culture générale,culture-generale,,"Organes, os, cerveau, sang et fonctions vitales : teste ta culture générale sur le corps humain.",true,true,data/quizzes/culture-generale/culture-genrale-corps-humain.json
quiz-culture-generale-difficile-20-questions,Quiz Culture Générale Difficile – 20 Questions pour les Experts,Culture générale,culture-generale,,"Un quiz de culture générale difficile composé de 20 questions exigeantes en histoire, sciences, géographie, littérature et culture.",true,true,data/quizzes/culture-generale/culture-generale-difficile.json
quiz-espace-planetes,Quiz Culture Générale Espace et Planètes - 20 questions pour explorer l’univers,Culture générale,culture-generale,,"Planètes, étoiles, galaxies et phénomènes spatiaux : teste ta culture générale sur l’univers.",true,true,data/quizzes/culture-generale/culture-generale-espace.json
quiz-culture-generale-europe-20-questions,Quiz Culture Générale Europe – 20 Questions,Culture générale,culture-generale,,"Un quiz de culture générale sur l’Europe avec 20 questions mêlant géographie, histoire, culture et faits surprenants.",true,false,data/quizzes/culture-generale/culture-generale-europe.json
quiz-culture-generale-expert-20-questions,Quiz Culture Générale Expert – 20 Questions Très Difficiles,Culture générale,culture-generale,,"Un quiz de culture générale niveau expert composé de 20 questions complexes en histoire, sciences, philosophie, géographie et culture.",true,false,data/quizzes/culture-generale/culture-generale-expert.json
quiz-culture-generale-facile-20-questions,Quiz Culture Générale Facile – 20 Questions,Culture générale,culture-generale,,"Un quiz de culture générale facile composé de 20 questions accessibles en histoire, géographie, sciences et culture. Idéal pour tester ses connaissances tout en apprenant.",true,true,data/quizzes/culture-generale/culture-generale-facile.json
quiz-culture-generale-foot-peux-tu-battre-un-vrai-fan-20-questions,Quiz Culture Générale Foot - Peux-tu battre un vrai fan ?,Culture générale,culture-generale,,"Un quiz de culture générale sur le football pour tester vos connaissances sur les joueurs, les clubs, les compétitions et les grands moments de ce sport.",true,true,data/quizzes/culture-generale/culture-generale-foot.json
quiz-culture-generale-france-20-questions,Quiz Culture Générale France – 20 Questions,Culture générale,culture-generale,,"Un quiz de culture générale sur la France avec 20 questions mêlant histoire, géographie, culture et faits incontournables.",true,false,data/quizzes/culture-generale/culture-generale-france.json
quiz-grandes-civilisations,Quiz Culture Générale Grandes Civilisations - 20 questions pour explorer l’histoire du monde,Culture générale,culture-generale,,"Égypte, Rome, Chine, Mayas… teste ta culture générale sur les grandes civilisations.",true,true,data/quizzes/culture-generale/culture-generale-grandes-civilisations.json
quiz-groupes-mythiques,Quiz Culture Générale Groupes Mythiques - 20 questions sur les légendes de la musique,Culture générale,culture-generale,,"Rock, pop, rap : teste tes connaissances sur les groupes qui ont marqué l’histoire.",true,true,data/quizzes/culture-generale/culture-generale-groupe-mythique.json
quiz-guerres-mondiales-pieges,Quiz Culture Générale Guerres mondiales - Les pièges classiques,Culture générale,culture-generale,,"Première ou Seconde Guerre mondiale ? Dates, pays, événements… ton cerveau va confondre.",true,true,data/quizzes/culture-generale/culture-generale-guerres-pieges.json
quiz-culture-generale-histoire-du-monde,Quiz Culture Générale Histoire du Monde – 20 Questions,Culture générale,culture-generale,,"Un quiz de culture générale captivant sur les grands événements de l’histoire du monde, avec 20 questions pour tester vos connaissances.",true,false,data/quizzes/culture-generale/culture-generale-histoire-monde.json
quiz-culture-generale-impossible-20-questions,Quiz Culture Générale Impossible – 20 Questions Extrêmes,Culture générale,culture-generale,,"Un quiz de culture générale impossible composé de 20 questions très pointues en histoire, sciences, philosophie et géographie.",true,false,data/quizzes/culture-generale/culture-generale-impossible.json
quiz-culture-generale-insolite-20-questions,Quiz Culture Générale Insolite – 20 Questions Étonnantes,Culture générale,culture-generale,,"Un quiz de culture générale insolite composé de 20 questions surprenantes sur des faits étonnants, des records improbables et des curiosités du monde.",true,true,data/quizzes/culture-generale/culture-generale-insolite.json
quiz-culture-generale-litterature-et-arts-20-questions,Quiz Culture Générale Littérature & Arts – 20 Questions,Culture générale,culture-generale,,"Un quiz de culture générale sur la littérature et les arts pour tester vos connaissances sur les œuvres, les auteurs et les grands courants artistiques.",true,true,data/quizzes/culture-generale/culture-generale-art-litterature.json
quiz-culture-generale-monde-20-questions,Quiz Culture Générale Monde – 20 Questions,Culture générale,culture-generale,,"Un quiz de culture générale varié sur le monde avec 20 questions mêlant géographie, culture, histoire et faits surprenants.",true,false,data/quizzes/culture-generale/culture-generale-monde.json
quiz-nature-environnement,Quiz Culture Générale Nature et Environnement - 20 questions pour tester tes connaissances,Culture générale,culture-generale,,"Biodiversité, climat, écosystèmes et phénomènes naturels : teste ta culture générale sur la nature.",true,true,data/quizzes/culture-generale/culture-generale-nature-environnement.json
quiz-culture-generale-college,Quiz Culture Générale Niveau Collège - 20 questions pour te tester,Culture générale,culture-generale,,Un quiz accessible mais stimulant pour tester tes connaissances générales niveau collège.,true,true,data/quizzes/culture-generale/culture-generale-niveau-college.json
quiz-culture-generale-moyen-20-questions,Quiz Culture Générale Niveau Moyen – 20 Questions,Culture générale,culture-generale,,"Un quiz de culture générale niveau moyen composé de 20 questions variées en histoire, géographie, sciences, littérature et culture. Idéal pour tester ses connaissances.",true,false,data/quizzes/culture-generale/culture-generale-moyen.json
quiz-culture-generale-pieges-20-questions,Quiz Culture Générale Pièges – 20 Questions Trompeuses,Culture générale,culture-generale,,"Un quiz de culture générale pièges composé de 20 questions basées sur des idées reçues, des formulations trompeuses et des détails surprenants.",true,true,data/quizzes/culture-generale/culture-generale-pieges.json
quiz-pop-culture-musique,Quiz Culture Générale Pop Culture Musique - 20 questions,Culture générale,culture-generale,,"Artistes, albums, records, festivals et anecdotes : teste ta culture musicale sous toutes ses formes.",true,true,data/quizzes/culture-generale/culture-generale-pop-music.json
quiz-culture-generale-que-90-pourcent-des-gens-ratent,Quiz Culture Générale que 90 % des Gens Ratent – 20 Questions,Culture générale,culture-generale,,Un quiz de culture générale difficile composé de 20 questions auxquelles la majorité des gens échouent à répondre correctement.,true,false,data/quizzes/culture-generale/culture-generale-90_ratent.json
quiz-romans-celebres,Quiz Culture Générale Romans Célèbres - 20 questions pour tester ta culture littéraire,Culture générale,culture-generale,,"Grands classiques, auteurs mythiques et œuvres incontournables : teste ta culture générale sur les romans célèbres.",true,true,data/quizzes/culture-generale/culture-generale-romans.json
quiz-culture-generale-sciences-et-nature-20-questions,Quiz Culture Générale Sciences & Nature – 20 Questions,Culture générale,culture-generale,,"Un quiz de culture générale sur les sciences et la nature avec 20 questions pour tester vos connaissances sur le vivant, la Terre et l’univers.",true,true,data/quizzes/culture-generale/culture-generale-sciences-nature.json
quiz-culture-generale-special-animaux-20-questions,Quiz Culture Générale Spécial Animaux – 20 Questions,Culture générale,culture-generale,,Un quiz de culture générale consacré au monde fascinant des animaux avec 20 questions pour tester vos connaissances.,true,true,data/quizzes/culture-generale/culture-generale-animaux.json
quiz-culture-generale-special-capitales-20-questions,Quiz Culture Générale Spécial Capitales – 20 Questions,Culture générale,culture-generale,,Un quiz de culture générale consacré aux capitales du monde avec 20 questions pour tester vos connaissances géographiques.,true,true,data/quizzes/culture-generale/culture-generale-capitales.json
quiz-culture-generale-special-decouvertes,Quiz Culture Générale Spécial Découvertes – 20 Questions,Culture générale,culture-generale,,"Un quiz de culture générale passionnant sur les grandes découvertes scientifiques, géographiques, médicales et historiques qui ont changé le monde.",true,false,data/quizzes/culture-generale/culture-generale-decouverte.json
quiz-culture-generale-special-erreurs-historiques,Quiz Culture Générale Spécial Erreurs Historiques – 20 Questions,Culture générale,culture-generale,,"Un quiz de culture générale captivant sur les erreurs historiques, les idées reçues et les confusions qui traversent les siècles.",true,false,data/quizzes/culture-generale/culture-generale-erreur-historique.json
quiz-culture-generale-special-grands-personnages,Quiz Culture Générale Spécial Grands Personnages – 20 Questions,Culture générale,culture-generale,,"Un quiz de culture générale consacré aux grands personnages de l’histoire, avec 20 questions captivantes sur leurs vies, leurs exploits et leurs héritages.",true,false,data/quizzes/culture-generale/culture-generale-grands-personnages.json
quiz-culture-generale-special-inventions-20-questions,Quiz Culture Générale Spécial Inventions – 20 Questions,Culture générale,culture-generale,,"Un quiz de culture générale dédié aux inventions qui ont changé le monde, avec 20 questions variées et instructives.",true,false,data/quizzes/culture-generale/culture-generale-inventions.json
quiz-culture-generale-mythes-et-legendes,Quiz Culture Générale Spécial Mythes et Légendes – 20 Questions,Culture générale,culture-generale,,"Un quiz de culture générale fascinant sur les mythes et légendes du monde entier, avec 20 questions captivantes.",true,false,data/quizzes/culture-generale/culture-generale-mythes-legendes.json
quiz-culture-generale-sport-et-records-20-questions,Quiz Culture Générale Sport & Records – 20 Questions,Culture générale,culture-generale,,Un quiz de culture générale consacré aux exploits et records qui ont marqué l’histoire du sport.,true,true,data/quizzes/culture-generale/culture-generale-records.json
quiz-culture-generale-ultime-20-questions,Quiz Culture Générale Ultime – 20 Questions pour les Esprits Brillants,Culture générale,culture-generale,,"Le quiz de culture générale ultime : 20 questions exigeantes en histoire, sciences, géographie, littérature et culture mondiale.",true,false,data/quizzes/culture-generale/culture-generale-ultime.json
quiz-culture-generale-vrai-ou-faux-20-questions,Quiz Culture Générale Vrai ou Faux – 20 Questions,Culture générale,culture-generale,,Un quiz de culture générale vrai ou faux composé de 20 affirmations surprenantes.,true,true,data/quizzes/culture-generale/culture-generale-vrai-faux.json
quiz-culture-generale-que-tout-le-monde-devrait-reussir-20-questions,Quiz de Culture Générale que Tout le Monde Devrait Réussir – 20 Questions,Culture générale,culture-generale,,Un quiz de culture générale composé de 20 questions accessibles mais incontournables que la plupart des gens devraient réussir.,true,true,data/quizzes/culture-generale/culture-generale-tout-le-monde.json
quiz-culture-generale-mythes-vs-realite,Quiz Mythes vs Réalité – 20 Idées Reçues Que Tu Crois Sûres,Culture générale,culture-generale,,Un quiz captivant pour distinguer les idées reçues des réalités avec des faits surprenants.,true,true,data/quizzes/culture-generale/culture-generale-mythes-realite.json
les-monuments-du-luxembourg,Quiz Géographie - 20 Questions pour Explorer les Monuments du Luxembourg,Géographie,geographie,2026-07-07,"Casemates, châteaux, ponts et abbayes : sauras-tu reconnaître les monuments du Grand-Duché ?",true,false,data/quizzes/geographie/geographie-monuments-luxembourg.json
quiz-geographie-anciennes-monnaies,Quiz Géographie - 20 questions sur les anciennes monnaies du monde,Géographie,geographie,,Retrouve les anciennes monnaies des pays et découvre leur histoire avant l’euro ou les grandes réformes économiques.,true,false,data/quizzes/geographie/geographie-anciennes-monnaies.json
quiz-geographie-pays-hymnes,Quiz Géographie - 20 questions sur les hymnes nationaux du monde,Géographie,geographie,2026-03-30,"Associe les hymnes nationaux aux bons pays, découvre leurs auteurs, leurs particularités et leur histoire.",true,false,data/quizzes/geographie/geographie-hymnes-pays.json
quiz-geographie-pays-peu-connus,Quiz Géographie - 20 questions sur les Pays Peu Connus du Monde,Géographie,geographie,,Teste tes connaissances sur des pays méconnus et découvre des destinations souvent oubliées.,true,false,data/quizzes/geographie/geographie-pays-peu-connus.json
quiz-geographie-capitales-anciennes,Quiz Géographie - Capitales Anciennes - Les plus vieilles villes du monde,Géographie,geographie,,Découvre les capitales les plus anciennes du monde et teste tes connaissances historiques et géographiques.,true,false,data/quizzes/geographie/geographie-capitales-anciennes.json
quiz-capitales-asie-retrouve-le-pays,Quiz Géographie - Capitales d’Asie - Retrouve le pays - 20 questions pour maîtriser le continent,Géographie,geographie,,Teste tes connaissances avec 20 questions où tu dois retrouver le pays asiatique à partir de sa capitale.,true,false,data/quizzes/geographie/geographie-asie-capitale-pays.json
quiz-capitales-europe-retrouve-le-pays,Quiz Géographie - Capitales d'Europe - Retrouve le pays - 20 questions pour tester ta mémoire,Géographie,geographie,2026-03-30,"Teste tes connaissances avec 20 questions variées sur les capitales d'Europe : retrouve le pays, identifie la capitale, situe-la sur un fleuve ou un point cardinal.",true,false,data/quizzes/geographie/geographie-europe-capitale-pays.json
quiz-capitales-deplacees-monde,Quiz Géographie - Capitales déplacées,Géographie,geographie,,Teste tes connaissances sur les capitales déplacées et découvre les raisons derrière ces choix stratégiques.,true,false,data/quizzes/geographie/geographie-capitales-deplacees.json
quiz-geographie-capitales-du-monde-facile,Quiz Géographie - Capitales du monde facile,Géographie,geographie,,Teste tes connaissances avec 20 questions faciles sur les capitales du monde et améliore ta mémoire en t’amusant.,true,true,data/quizzes/geographie/geographie-capitale-facile.json
quiz-capitales-historiques-monde,Quiz Géographie - Capitales historiques du monde,Géographie,geographie,,Teste tes connaissances sur les anciennes capitales et découvre si tu maîtrises l'histoire géographique des nations.,true,false,data/quizzes/geographie/geographie-pays-capitales-historiques.json
quiz-geographie-drapeaux-qui-se-ressemblent,"Quiz Géographie - Ces drapeaux se ressemblent, sauras-tu les différencier ?",Géographie,geographie,,Mets ton œil à l’épreuve avec 20 drapeaux souvent confondus et découvre les détails qui font la différence.,true,true,data/quizzes/geographie/geographie-drapeaux-ressemblants.json
quiz-geographie-pays-ayant-change-de-nom,Quiz Géographie - Ces pays ont changé de nom… Les reconnais-tu ?,Géographie,geographie,,Teste tes connaissances sur les pays qui ont changé de nom au fil de l'histoire et découvre les raisons derrière ces transformations.,true,false,data/quizzes/geographie/geographie-pays-change-nom.json
quiz-geographie-les-villes-de-belgique,Quiz Géographie - Combien de Villes Belges Connais-tu ?,Géographie,geographie,2026-07-04,"Anvers, Bruges, Liège, Mons... Sauras-tu reconnaître les villes belges et leurs particularités ?",true,false,data/quizzes/geographie/geographie-ville-belgique.json
quiz-geographie-archipels-celebres,Quiz Géographie - Connais-tu les Archipels Célèbres ?,Géographie,geographie,,Teste tes connaissances sur les archipels les plus célèbres du monde avec 20 questions captivantes.,true,false,data/quizzes/geographie/geographie-archipels-celebres.json
quiz-geographie-fleuves-asie,Quiz Géographie - Connais-tu les Fleuves d’Asie ?,Géographie,geographie,,Teste tes connaissances sur les grands fleuves d’Asie avec 20 questions variées et enrichissantes.,true,false,data/quizzes/geographie/geographie-fleuves-asie.json
quiz-geographie-continents-du-monde,Quiz Géographie - Continents du monde,Géographie,geographie,,"Teste tes connaissances avec 20 questions sur les continents du monde, leurs pays, leurs reliefs et leurs particularités.",true,false,data/quizzes/geographie/geographie-continents-du-monde.json
quiz-deltas-celebres-monde,Quiz Géographie - Deltas célèbres,Géographie,geographie,,Teste tes connaissances sur les deltas les plus célèbres du monde et leur importance géographique et humaine.,true,false,data/quizzes/geographie/geographie-deltas-celebres.json
quiz-geographie-drapeaux-amerique,Quiz Géographie - Drapeaux d’Amérique - Sauras-tu éviter les pièges ?,Géographie,geographie,,Teste ton sens du détail avec les drapeaux d’Amérique et apprends à distinguer les plus trompeurs.,true,false,data/quizzes/geographie/geographie-drapeaux-amerique.json
quiz-etats-americains-surnoms,Quiz Géographie - États Américains et Leurs Surnoms - 20 questions,Géographie,geographie,2026-06-23,Teste tes connaissances sur les surnoms célèbres des États américains.,true,false,data/quizzes/geographie/geographie-etats-surnoms.json
quiz-geographie-fleuves-du-monde,Quiz Géographie - Fleuves du monde,Géographie,geographie,2026-03-30,Teste tes connaissances avec 20 questions sur les grands fleuves du monde et leur importance géographique.,true,false,data/quizzes/geographie/geographie-fleuves-du-monde.json
quiz-fleuves-rivieres-canada,Quiz Géographie - Fleuves et Rivières du Canada,Géographie,geographie,2026-06-26,Teste tes connaissances sur les principaux fleuves et rivières du Canada.,true,false,data/quizzes/geographie/geographie-fleuve-canada.json
quiz-geographie-grandes-montagnes-du-monde,Quiz Géographie - Grandes montagnes du monde - 20 questions pour tester ton niveau,Géographie,geographie,2026-03-30,Teste tes connaissances avec 20 questions sur les plus grandes montagnes du monde.,true,false,data/quizzes/geographie/geographie-montagnes-sommets-du-monde.json
quiz-geographie-grandes-villes-du-monde-20-questions,Quiz Géographie - Grandes villes du monde,Géographie,geographie,2026-03-30,"Teste tes connaissances avec 20 questions sur les grandes villes du monde : capitales, mégapoles, monuments emblématiques et records urbains.",true,false,data/quizzes/geographie/geographie-grandes-villes.json
quiz-merveilles-du-monde,Quiz Géographie - Les 7 Merveilles du Monde Anciennes et Modernes,Géographie,geographie,2026-06-04,"Pyramides, Machu Picchu, Colisée, Taj Mahal... connais-tu vraiment les merveilles du monde ?",true,false,data/quizzes/geographie/geographie-merveilles.json
quiz-anciennes-regions-disparues-2016,Quiz Géographie - Les Anciennes Régions Disparues en 2016 - 20 questions sur la nouvelle carte de France,Géographie,geographie,2026-06-22,Teste tes connaissances sur les anciennes régions françaises fusionnées lors de la réforme territoriale de 2016.,true,false,data/quizzes/geographie/eographie-regions-disparues.json
les-cantons-suisses,Quiz Géographie - Les Cantons Suisses,Géographie,geographie,2026-07-05,"Capitales, langues, histoire et records : sauras-tu tout sur les cantons suisses ?",true,false,data/quizzes/geographie/geographie-canton-suisses.json
quiz-capitales-etats-americains,Quiz Géographie - Les Capitales des États Américains - 20 questions,Géographie,geographie,2026-06-23,Teste tes connaissances sur les capitales des États américains avec 20 questions variées.,true,true,data/quizzes/geographie/geographie-capitales-americaines.json
quiz-capitales-que-tout-le-monde-confond,Quiz Géographie - Les Capitales que Tout le Monde Confond,Géographie,geographie,2026-06-10,"Sydney ou Canberra, New York ou Washington, Istanbul ou Ankara : sauras-tu éviter les pièges ?",true,false,data/quizzes/geographie/geographie-capitales-confusion.json
quiz-geographie-les-communes-du-luxembourg,Quiz Géographie - Les Communes du Luxembourg en 20 Questions,Géographie,geographie,2026-07-07,"Vianden, Echternach, Schengen, Wiltz... Sauras-tu tout sur les communes du Grand-Duché ?",true,false,data/quizzes/geographie/geographie-commune-luxembourg.json
quiz-etats-americains-geographie,Quiz Géographie - Les États Américains,Géographie,geographie,2026-06-30,"Teste tes connaissances sur les 50 États des États-Unis, leurs capitales, leurs particularités et leur géographie.",true,false,data/quizzes/geographie/geographie-etats-americain.json
quiz-glaciers-du-monde,Quiz Géographie - Les Glaciers du Monde,Géographie,geographie,2026-06-07,"Groenland, Antarctique, Himalaya ou Patagonie : connais-tu les plus grands glaciers de la planète ?",true,false,data/quizzes/geographie/geographie-glaciers.json
quiz-geographie-fleuves-afrique,Quiz Géographie - Les grands fleuves d'Afrique,Géographie,geographie,2026-03-30,"Teste tes connaissances avec 20 questions sur les grands fleuves d'Afrique : Nil, Congo, Niger, Zambèze, Sénégal et bien d'autres.",true,false,data/quizzes/geographie/geographie-fleuve-afrique.json
quiz-lieux-plus-isoles-du-monde,Quiz Géographie - Les Lieux les Plus Isolés du Monde - 20 endroits reculés à découvrir,Géographie,geographie,2026-06-13,"Teste tes connaissances sur les îles, villages, bases et territoires les plus isolés de la planète.",true,false,data/quizzes/geographie/geographie-lieu-isole.json
les-montagnes-suisses,Quiz Géographie - Les Montagnes Suisses,Géographie,geographie,2026-07-05,"Sommets, cols, glaciers et tunnels : sauras-tu tout sur les montagnes de Suisse ?",true,false,data/quizzes/geographie/geographie-montagnes-suisse.json
quiz-geographie-les-monuments-belges,Quiz Géographie - Les Monuments Belges,Géographie,geographie,2026-07-04,"Atomium, Grand-Place, citadelles, beffrois, châteaux et monuments classés : découvre les plus beaux monuments de Belgique à travers ce quiz de culture générale.",true,false,data/quizzes/geographie/geographie-monuments-belges.json
quiz-pays-commonwealth,Quiz Géographie - Les Pays du Commonwealth - 20 questions sur cette organisation mondiale,Géographie,geographie,2026-06-16,"Teste tes connaissances sur les pays membres du Commonwealth, leurs continents, leurs histoires et leurs particularités.",true,false,data/quizzes/geographie/geographie-pays-commonwealth.json
quiz-geographie-pays-les-plus-grands-du-monde,"Quiz Géographie - Les plus grands pays du monde - Classement, superficie et défis",Géographie,geographie,2026-03-30,Teste tes connaissances avec 20 questions sur les plus grands pays du monde par superficie.,true,false,data/quizzes/geographie/geographie-grands-pays.json
quiz-geographie-les-provinces-belges-peux-tu-toutes-les-nommer,Quiz Géographie - Les Provinces Belges - Peux-tu Toutes les Nommer ?,Géographie,geographie,2026-07-03,"10 provinces, 2 régions : sauras-tu toutes les situer et les nommer ?",true,false,data/quizzes/geographie/geographie-provinces-belges.json
les-provinces-canadiennes,Quiz Géographie - Les Provinces du Canada - Les Connais-tu Toutes ?,Géographie,geographie,2026-07-06,"Capitales, superficies, Confédération : sauras-tu tout sur les provinces canadiennes ?",true,false,data/quizzes/geographie/geographie-province-canadienne.json
les-villes-du-quebec,Quiz Géographie - Les Villes Emblématiques du Québec,Géographie,geographie,2026-07-06,"Montréal, Québec, Saguenay, Sherbrooke, Gatineau ou Trois-Rivières : découvre les villes incontournables du Québec à travers 20 questions de géographie.",true,false,data/quizzes/geographie/geographie-ville-quebec.json
quiz-geographie-mers-et-oceans-du-monde-20-questions,Quiz Géographie - Mers et océans du monde,Géographie,geographie,,Teste tes connaissances avec 20 questions sur les mers et océans du monde et leurs particularités.,true,false,data/quizzes/geographie/geographie-oceans-mers.json
les-villes-suisses,Quiz Géographie - Mets tes Connaissances sur les Villes Suisses à l'Épreuve,Géographie,geographie,2026-07-05,"Zurich, Genève, Berne, Lugano... Sauras-tu reconnaître les villes suisses et leurs particularités ?",true,false,data/quizzes/geographie/geographie-villes-suisse.json
quiz-geographie-monuments-du-monde,Quiz Géographie - Monuments du monde - 20 questions pour tester ton niveau,Géographie,geographie,2026-03-30,Teste tes connaissances avec 20 questions sur les monuments les plus célèbres du monde.,true,false,data/quizzes/geographie/geographie-monuments-celebres.json
quiz-pays-noms-similaires-monde,Quiz Géographie - Pays aux noms similaires,Géographie,geographie,,Teste tes connaissances sur les pays aux noms proches et évite les pièges les plus courants.,true,true,data/quizzes/geographie/geographie-pays-nom-similaires.json
quiz-pays-divises-histoire-geographie,Quiz Géographie - Pays divisés,Géographie,geographie,,"Teste tes connaissances sur les pays divisés, les frontières héritées des conflits et les séparations qui ont marqué l’histoire contemporaine.",true,true,data/quizzes/geographie/geographie-pays-divises.json
quiz-pays-double-continent-monde,Quiz Géographie - Pays en double continent,Géographie,geographie,2026-03-30,Teste tes connaissances sur les pays qui s'étendent sur deux continents et découvre ce que cela change en géographie et en géopolitique.,true,true,data/quizzes/geographie/geographie-double-continents.json
quiz-geographie-pays-et-capitales-asie,Quiz Géographie - Pays et capitales d’Asie - 20 questions pour progresser,Géographie,geographie,,Teste tes connaissances avec 20 questions sur les pays et capitales d’Asie.,true,false,data/quizzes/geographie/geographie-capitale-asie.json
quiz-pays-et-capitales-difficiles,Quiz Géographie - Pays et capitales difficiles,Géographie,geographie,,Teste ton niveau avec 20 questions difficiles sur les pays et leurs capitales à travers le monde.,true,false,data/quizzes/geographie/geographie-capitales-pays-difficile.json
quiz-geographie-pays-langue-officielle,Quiz Géographie - Pays par langue officielle - Retrouve le pays en 20 questions,Géographie,geographie,,Teste tes connaissances avec 20 questions où tu dois retrouver le pays à partir de sa langue officielle.,true,false,data/quizzes/geographie/geograpgie-langue-pays.json
quiz-geographie-pays-sans-train,Quiz Géographie - Pays sans train - 20 questions pour découvrir quels États n’ont pas de réseau ferroviaire,Géographie,geographie,,Teste tes connaissances sur les pays du monde qui ne possèdent pas de réseau ferroviaire national.,true,true,data/quizzes/geographie/geographie-pays-sans-train.json
quiz-geographie-les-frontieres-de-la-belgique,Quiz Géographie - Peux-tu Faire un Sans-Faute sur les Frontières Belges ?,Géographie,geographie,2026-07-04,"Enclaves, tripoints, traités historiques : sauras-tu tout sur les frontières belges ?",true,false,data/quizzes/geographie/geographie-fleuves-belgique.json
quiz-plateaux-monde-geographie,Quiz Géographie - Plateaux du monde,Géographie,geographie,,Teste tes connaissances sur les grands plateaux du monde et leur importance géographique et climatique.,true,false,data/quizzes/geographie/geographie-plateaux-monde.json
quiz-regions-sismiques-monde,Quiz Géographie - Régions sismiques,Géographie,geographie,,Teste tes connaissances sur les zones sismiques du monde et comprends où et pourquoi les tremblements de terre se produisent.,true,false,data/quizzes/geographie/geographie-zone-sismique.json
quiz-geographie-drapeaux-capitales,Quiz Géographie - Retrouve la capitale grâce au drapeau,Géographie,geographie,,Observe chaque drapeau et retrouve la capitale du pays. Attention aux pièges !,true,true,data/quizzes/geographie/geographie-capitale-drapeaux.json
quiz-capitales-afrique-retrouve-le-pays,Quiz Géographie - Retrouve les pays grâce aux capitales d’Afrique,Géographie,geographie,,Teste tes connaissances avec 20 questions où tu dois retrouver le pays africain à partir de sa capitale.,true,true,data/quizzes/geographie/geographie-afrique-capitale-pays.json
quiz-capitales-amerique-retrouve-le-pays,Quiz Géographie - Retrouve les pays grâce aux capitales d’Amérique,Géographie,geographie,,Teste tes connaissances avec 20 questions où tu dois retrouver le pays américain à partir de sa capitale.,true,true,data/quizzes/geographie/geographie-amerique-capitales-pays.json
quiz-routes-ferroviaires-majeures-monde,Quiz Géographie - Routes ferroviaires majeures,Géographie,geographie,,Teste tes connaissances sur les grandes lignes ferroviaires du monde et leur importance stratégique.,true,false,data/quizzes/geographie/geographie-reseau-ferroviere.json
quiz-sur-la-ligne-de-l-equateur,Quiz Géographie - Sur la ligne de l'équateur - 20 questions autour du monde,Géographie,geographie,2026-06-19,"Voyage le long de la ligne de l'équateur à travers pays, villes, océans, îles et merveilles naturelles.",true,false,data/quizzes/geographie/geographie-equateur.json
quiz-vallees-celebres-monde,Quiz Géographie - Vallées célèbres,Géographie,geographie,,Teste tes connaissances sur les plus grandes vallées du monde et leur importance géographique.,true,false,data/quizzes/geographie/geographie-vallees-celebres.json
quiz-villes-dupliquees-memes-noms-monde,Quiz Géographie - Villes dupliquées (mêmes noms),Géographie,geographie,,Teste tes connaissances sur les villes qui partagent le même nom à travers le monde et découvre les pièges les plus fréquents.,true,false,data/quizzes/geographie/geographie-villes-dupliquees.json
quiz-geographie-villes-fleuves,Quiz Géographie - Villes Traversées par des Fleuves - 20 questions,Géographie,geographie,,Associe les grandes villes du monde aux fleuves qui les traversent et découvre leur importance historique.,true,false,data/quizzes/geographie/geographie-fleuves-villes.json
les-lacs-suisses,Quiz Géographie - Voyage au Cœur des Lacs de Suisse,Géographie,geographie,2026-07-06,"Léman, Neuchâtel, Constance, Quatre-Cantons... Sauras-tu tout sur les lacs de Suisse ?",true,false,data/quizzes/geographie/geographie-lac-suisse.json
quiz-zones-cycloniques-monde,Quiz Géographie - Zones cycloniques,Géographie,geographie,,"Teste tes connaissances sur les régions du monde touchées par les cyclones, ouragans et typhons.",true,false,data/quizzes/geographie/geographie-zone-cyclone.json
quiz-zones-volcaniques-monde,Quiz Géographie - Zones volcaniques,Géographie,geographie,,Teste tes connaissances sur les zones volcaniques du monde et comprends où et pourquoi les volcans se forment.,true,false,data/quizzes/geographie/geographie-zone-volcanique.json
quiz-geographie-pays-les-plus-visites,Quiz Géographie – Les pays les plus visités du monde,Géographie,geographie,,Teste tes connaissances avec 20 questions sur les pays les plus visités du monde et leurs grands atouts touristiques.,true,false,data/quizzes/geographie/geographie-pays-plus-visites.json
quiz-geographie-pays-sans-armee,Quiz Géographie – Les pays sans armée,Géographie,geographie,2026-08-01,"Costa Rica, Islande, Liechtenstein, Andorre, Panama, Palaos, Tuvalu… Sauras-tu identifier les pays qui ont renoncé à toute force militaire permanente et comprendre les raisons de ce choix singulier ?",true,true,data/quizzes/geographie/geographie-no-army.json
quiz-geographie-pays-producteurs-petrole,Quiz Géographie – Pays producteurs de pétrole et enjeux énergétiques,Géographie,geographie,,Teste tes connaissances sur les principaux pays producteurs de pétrole avec 20 questions enrichissantes.,true,false,data/quizzes/geographie/geographie-pays-petrole.json
quiz-geographie-capitales-culturelles,Quiz Géographie Capitales Culturelles - 20 questions pour tester vos connaissances sur des villes emblématiques,Géographie,geographie,,Explore les villes les plus emblématiques du monde et découvre celles qui font rayonner la culture à l’échelle mondiale à travers ce quiz captivant.,true,false,data/quizzes/geographie/geographie-capitales-culturelle.json
quiz-capitales-oceanie-retrouve-le-pays,Quiz Géographie Capitales d'Océanie - Retrouve le pays - 20 questions pour maîtriser la région,Géographie,geographie,,Teste tes connaissances avec 20 questions où tu dois retrouver le pays d'Océanie à partir de sa capitale.,true,false,data/quizzes/geographie/geographie-oceanie-capitale-pays.json
quiz-geographie-capitales-secondaires,Quiz Géographie Capitales Secondaires - 20 questions pour tester vos connaissances sur ces capitales secondaires souvent méconnues,Géographie,geographie,,Découvre les villes qui partagent le pouvoir avec les capitales officielles à travers ce quiz original.,true,false,data/quizzes/geographie/geographie-capitale-secondaire.json
quiz-geographie-catastrophes-naturelles,Quiz Géographie Catastrophes Naturelles - 20 questions pour tester tes connaissances,Géographie,geographie,,Teste tes connaissances sur les catastrophes naturelles les plus marquantes du monde avec 20 questions.,true,false,data/quizzes/geographie/geographie-catastrophe-naturelle.json
quiz-geographie-climats-du-monde,Quiz Géographie Climats du monde - 20 questions pour comprendre la planète,Géographie,geographie,,Teste tes connaissances avec 20 questions sur les climats du monde et leurs caractéristiques.,true,false,data/quizzes/geographie/geographie-climat-du-monde.json
quiz-geographie-confusions-europe-asie,Quiz Géographie Confusions Europe / Asie - 20 questions pour tester vos connaissances sur ces confusions fréquentes,Géographie,geographie,,Distingue l’Europe de l’Asie et évite les pièges avec ce quiz rempli de confusions géographiques.,true,false,data/quizzes/geographie/geographie-confusion-europe-asie.json
quiz-geographie-deserts-du-monde,Quiz Géographie Déserts du monde - 20 questions captivantes,Géographie,geographie,,"Teste tes connaissances avec 20 questions sur les déserts du monde, leurs climats, leurs paysages et leurs records.",true,false,data/quizzes/geographie/geographie-desert-du-monde.json
quiz-geographie-deserts-froids-chauds,Quiz Géographie Déserts Froids vs Chauds - 20 questions pour comprendre les différences entre déserts chauds et froids,Géographie,geographie,,Teste tes connaissances sur les déserts du monde et distingue les environnements froids et chauds.,true,false,data/quizzes/geographie/geographie-desert.json
quiz-geographie-detroits-et-passages-maritimes-du-monde,Quiz Géographie Détroits et passages maritimes du monde - 20 questions stratégiques,Géographie,geographie,,Teste tes connaissances avec 20 questions sur les détroits et passages maritimes du monde.,true,false,data/quizzes/geographie/geographie-detroit.json
quiz-geographie-drapeaux-afrique,Quiz Géographie Drapeaux d’Afrique - Reconnais-tu ces pays ?,Géographie,geographie,,Observe chaque drapeau africain et retrouve le bon pays dans ce quiz visuel et instructif.,true,false,data/quizzes/geographie/geographie-drapeaux-afrique.json
quiz-geographie-drapeaux-asie,Quiz Géographie Drapeaux d’Asie - Reconnais-tu ces pays ?,Géographie,geographie,,Teste ton œil avec les drapeaux d’Asie et apprends à distinguer les symboles et couleurs parfois très proches.,true,true,data/quizzes/geographie/geograpgie-drapeaux-asie.json
quiz-geographie-drapeaux-europe,Quiz Géographie Drapeaux d’Europe - Reconnais-tu ces pays ?,Géographie,geographie,,Observe chaque drapeau européen et retrouve le bon pays dans ce quiz de géographie visuel et accessible.,true,false,data/quizzes/geographie/geographie-drapeaux-europe.json
quiz-geographie-drapeaux-oceanie,Quiz Géographie Drapeaux d’Océanie - Saura-tu éviter les pièges du Pacifique ?,Géographie,geographie,,Teste ton œil avec les drapeaux d’Océanie et apprends à distinguer ceux qui se ressemblent le plus.,true,false,data/quizzes/geographie/geographie-drapeaux-oceanie.json
quiz-geographie-drapeaux-difficiles,Quiz Géographie Drapeaux Difficiles - Seuls les Experts Font 100%,Géographie,geographie,,Reconnais les drapeaux les plus piégeux du monde et prouve ton niveau en géographie.,true,true,data/quizzes/geographie/geographie-drapeaux-difficile.json
quiz-geographie-drapeaux-monde-facile,Quiz Géographie Drapeaux du Monde - Test Facile en 20 Questions,Géographie,geographie,,Observe chaque drapeau et retrouve le bon pays dans ce quiz de géographie simple et visuel.,true,false,data/quizzes/geographie/geographie-drapeaux-facile.json
quiz-geographie-faux-amis-geographiques,Quiz Géographie Faux Amis Géographiques - 20 questions surprenantes,Géographie,geographie,,Attention aux pièges ! Démêle le vrai du faux avec ces questions qui jouent sur les confusions géographiques.,true,false,data/quizzes/geographie/geographie-faux-amis.json
quiz-geographie-fleuves-europe,Quiz Géographie Fleuves d'Europe - 20 questions pour maîtriser les grands axes fluviaux,Géographie,geographie,2026-03-30,Teste tes connaissances avec 20 questions sur les principaux fleuves d'Europe.,true,false,data/quizzes/geographie/geographie-fleuve-europe.json
quiz-geographie-frontieres-des-pays,Quiz Géographie Frontières des pays - Qui est voisin de qui ?,Géographie,geographie,2026-03-30,Teste tes connaissances avec 20 questions sur les frontières des pays et leurs voisins.,true,false,data/quizzes/geographie/geographie-frontieres.json
quiz-geographie-fuseaux-horaires,Quiz Géographie Fuseaux horaires - 20 questions pour maîtriser le temps mondial,Géographie,geographie,2026-03-30,Teste tes connaissances avec 20 questions sur les fuseaux horaires du monde.,true,false,data/quizzes/geographie/geographie-fuseaux-horaires.json
quiz-geographie-grandes-villes-africaines,Quiz Géographie Grandes villes africaines - 20 questions pour mieux connaître le continent,Géographie,geographie,,Teste tes connaissances avec 20 questions sur les grandes villes africaines et leurs repères géographiques.,true,false,data/quizzes/geographie/geographie-villes-africaines.json
quiz-geographie-grandes-villes-americaines,Quiz Géographie Grandes villes américaines - 20 questions pour comprendre les États-Unis,Géographie,geographie,,Teste tes connaissances avec 20 questions sur les grandes villes des États-Unis.,true,false,data/quizzes/geographie/geographie-villes-americaines.json
quiz-geographie-grandes-villes-asiatiques,Quiz Géographie Grandes villes asiatiques - 20 questions pour comprendre l'Asie urbaine,Géographie,geographie,,Teste tes connaissances avec 20 questions sur les grandes villes d'Asie et leur importance.,true,false,data/quizzes/geographie/geographie-villes-asiatiques.json
quiz-geographie-grandes-villes-europe,Quiz Géographie Grandes villes européennes - 20 questions pour tester ton niveau,Géographie,geographie,2026-03-30,"Teste tes connaissances avec 20 questions sur les grandes villes d'Europe : capitales, villes économiques, sites historiques et records urbains.",true,false,data/quizzes/geographie/geographie-grandes-villes-europeennes.json
quiz-geographie-iles-du-monde,Quiz Géographie Îles du monde - 20 questions pour explorer la planète,Géographie,geographie,2026-03-30,Teste tes connaissances avec 20 questions sur les îles les plus célèbres du monde.,true,false,data/quizzes/geographie/geographie-ile-du-monde.json
quiz-geographie-iles-paradisiaques,Quiz Géographie Îles Paradisiaques - 20 questions pour tester vos connaissances sur des destinations mythiques,Géographie,geographie,2026-03-30,Évade-toi à travers les plus belles îles du monde et teste tes connaissances avec ce quiz ensoleillé.,true,false,data/quizzes/geographie/geographie-iles-paradisiaques.json
quiz-geographie-lacs-celebres-du-monde,Quiz Géographie Lacs célèbres du monde - 20 questions pour explorer la planète,Géographie,geographie,2026-03-30,Teste tes connaissances avec 20 questions sur les lacs les plus célèbres du monde.,true,false,data/quizzes/geographie/geographie-lac-monde.json
quiz-geographie-aeroports-frequentes,Quiz Géographie Les Aéroports les Plus Fréquentés du Monde - 20 questions,Géographie,geographie,,Teste tes connaissances sur les aéroports les plus fréquentés et les grands hubs mondiaux.,true,false,data/quizzes/geographie/geographie-aeroport.json
quiz-geographie-megalopoles-monde,Quiz Géographie Les Mégalopoles du Monde - 20 questions pour tester vos connaissances sur les grandes régions urbaines de la planète,Géographie,geographie,,Teste tes connaissances sur les plus grandes mégalopoles du monde et comprends comment elles structurent la planète urbaine.,true,false,data/quizzes/geographie/geographie-megalopoles.json
quiz-geographie-villes-les-plus-etendues,Quiz Géographie Les Villes les Plus Étendues du Monde - 20 questions,Géographie,geographie,,Explore les villes les plus vastes de la planète et teste tes connaissances sur leurs dimensions hors normes.,true,false,data/quizzes/geographie/geographie-villes-etendues.json
quiz-geographie-micro-etats-du-monde,Quiz Géographie Micro-États du monde - 20 questions pour tester ton niveau,Géographie,geographie,2026-03-30,"Teste tes connaissances avec 20 questions sur les micro-États du monde : histoire, politique, géographie et curiosités.",true,true,data/quizzes/geographie/geographie-micro-etats.json
quiz-geographie-organisations-internationales,Quiz Géographie Organisations Internationales - 20 questions instructives,Géographie,geographie,,Teste tes connaissances sur les principales organisations internationales avec 20 questions instructives.,true,false,data/quizzes/geographie/geographie-organisations.json
quiz-geographie-parcs-naturels,Quiz Géographie Parcs Naturels - 20 questions pour tester vos connaissances sur des sites célèbres,Géographie,geographie,,Teste tes connaissances sur les parcs naturels du monde avec 20 questions captivantes.,true,false,data/quizzes/geographie/geographie-parc-naturel.json
quiz-geographie-pays-disparus-histoire,Quiz Géographie Pays disparus de l'histoire - 20 questions pour comprendre l'évolution du monde,Géographie,geographie,,Teste tes connaissances avec 20 questions sur les pays disparus de l'histoire.,true,false,data/quizzes/geographie/geographie-pays-disparus.json
quiz-geographie-pays-emergents,Quiz Géographie Pays Émergents - 20 questions captivantes,Géographie,geographie,,Teste tes connaissances sur les pays émergents et les grandes dynamiques économiques du monde avec 20 questions captivantes.,true,false,data/quizzes/geographie/geographie-pays-emergents.json
quiz-geographie-pays-enclaves-du-monde,Quiz Géographie Pays enclavés du monde - 20 questions pour tester ton niveau,Géographie,geographie,,Teste tes connaissances avec 20 questions sur les pays enclavés du monde et leurs spécificités géographiques.,true,false,data/quizzes/geographie/geographie-pays-enclaves.json
quiz-geographie-pays-anciennes-capitales,Quiz Géographie Pays et Anciennes Capitales - 20 questions,Géographie,geographie,,Retrouve les anciennes capitales des États du monde et découvre comment l’histoire a déplacé le pouvoir d’une ville à une autre.,true,false,data/quizzes/geographie/geographie-ancienne-capitale.json
quiz-geographie-pays-et-capitales-afrique,Quiz Géographie Pays et capitales d’Afrique - 20 questions incontournables,Géographie,geographie,,Teste tes connaissances avec 20 questions sur les pays et capitales d’Afrique.,true,false,data/quizzes/geographie/geographie-capitales-afrique.json
quiz-geographie-pays-et-capitales-amerique,Quiz Géographie Pays et capitales d’Amérique - 20 questions pour progresser,Géographie,geographie,,Teste tes connaissances avec 20 questions sur les pays et capitales d’Amérique.,true,false,data/quizzes/geographie/geographie-pays-capitales-amerique.json
quiz-geographie-pays-et-capitales-europe,Quiz Géographie Pays et capitales d’Europe - 20 questions essentielles,Géographie,geographie,,Teste tes connaissances avec 20 questions sur les pays et capitales d’Europe.,true,false,data/quizzes/geographie/geographie-capitale-europe.json
quiz-geographie-pays-et-capitales-oceanie,Quiz Géographie Pays et capitales d’Océanie - 20 questions pour progresser,Géographie,geographie,,Teste tes connaissances avec 20 questions sur les pays et capitales d’Océanie.,true,false,data/quizzes/geographie/geographie-capitale-oceanie.json
quiz-geographie-pays-langues-rares,Quiz Géographie Pays et Langues Rares - 20 questions pour découvrir des langues rares,Géographie,geographie,,Découvre des langues méconnues et teste ta capacité à les associer à leur pays d'origine.,true,false,data/quizzes/geographie/geographie-pays-langue-rare.json
quiz-geographie-pays-codes-iso,Quiz Géographie Pays et leurs Codes ISO - 20 questions pour tester vos connaissances sur ces codes normalisés,Géographie,geographie,,Teste ta précision en associant les pays du monde à leurs codes ISO à travers un quiz aussi utile que piégeux.,true,true,data/quizzes/geographie/geographie-code-ISO.json
quiz-geographie-pays-et-leurs-monnaies,Quiz Géographie Pays et leurs monnaies - 20 questions pour maîtriser les devises du monde,Géographie,geographie,,Teste tes connaissances avec 20 questions sur les monnaies des pays du monde.,true,false,data/quizzes/geographie/geographie-pays-monnaie.json
quiz-geographie-pays-surnoms,Quiz Géographie Pays et leurs surnoms - sauras-tu les reconnaître ?,Géographie,geographie,,Teste tes connaissances avec 20 questions sur les surnoms célèbres des pays.,true,false,data/quizzes/geographie/geographie-pays-surnoms.json
quiz-geographie-pays-exportateurs-majeurs,Quiz Géographie Pays Exportateurs Majeurs - 20 questions pour tester vos connaissances sur les grandes puissances exportatrices,Géographie,geographie,,Teste tes connaissances sur les principaux pays exportateurs du monde avec 20 questions instructives.,true,false,data/quizzes/geographie/geographie-pays-exportateurs.json
quiz-geographie-pays-les-plus-peuples-du-monde,Quiz Géographie Pays les plus peuplés du monde - 20 questions pour comprendre la démographie,Géographie,geographie,,Teste tes connaissances avec 20 questions sur les pays les plus peuplés du monde.,true,false,data/quizzes/geographie/geographie-villes-peuplees.json
quiz-geographie-pays-specialites-culinaires,Quiz Géographie Pays par Spécialités Culinaires - 20 questions pour associer des spécialités culinaires emblématiques à leur pays,Géographie,geographie,,Associe chaque spécialité culinaire à son pays d'origine et teste ta culture gastronomique à travers le monde.,true,false,data/quizzes/geographie/geographie-specialite-culinaire.json
quiz-geographie-pays-sans-aeroport,Quiz Géographie Pays sans Aéroport - 20 questions pour tester vos connaissances sur ces États particuliers,Géographie,geographie,,Découvre quels pays du monde ne possèdent pas d’aéroport et comprends les raisons géographiques derrière cette particularité.,true,false,data/quizzes/geographie/geographie-pays-sans-aeroport.json
quiz-geographie-ports-hubs-mondiaux,Quiz Géographie Ports et Hubs Mondiaux - 20 questions pour tester vos connaissances sur les plus grands port,Géographie,geographie,,Teste tes connaissances sur les grands ports et hubs mondiaux avec 20 questions captivantes.,true,false,data/quizzes/geographie/geographie-ports-mondiaux.json
quiz-geographie-routes-commerciales,Quiz Géographie Routes Commerciales - 20 questions captivantes,Géographie,geographie,,Teste tes connaissances sur les grandes routes commerciales du monde avec 20 questions captivantes.,true,false,data/quizzes/geographie/geographie-routes-commerciales.json
quiz-geographie-sites-unesco,Quiz Géographie Sites UNESCO - 20 questions immersives,Géographie,geographie,,Explore les plus grands trésors du patrimoine mondial et teste tes connaissances avec ce quiz immersif.,true,false,data/quizzes/geographie/geographie-site-unesco.json
quiz-geographie-villes-antiquite,Quiz Géographie Villes de l’Antiquité - Reconnais ces cités millénaires,Géographie,geographie,,Pars à la découverte des villes fondées dans l’Antiquité et teste tes connaissances historiques.,true,false,data/quizzes/geographie/geographie-antiquite.json
quiz-geographie-villes-altitude,Quiz Géographie Villes en Altitude Les plus hautes du monde - 20 questions,Géographie,geographie,,Teste tes connaissances sur les villes les plus élevées du monde et leurs particularités géographiques.,true,false,data/quizzes/geographie/geographie-ville-altitude.json
quiz-geographie-villes-surnoms,Quiz Géographie Villes et leurs Surnoms - 20 questions pour tester vos connaissances sur ces appellations célèbres,Géographie,geographie,,Associe les villes du monde à leurs surnoms célèbres et découvre leur origine.,true,true,data/quizzes/geographie/geographie-villes-surnoms.json
quiz-geographie-volcans-celebres-du-monde,Quiz Géographie Volcans célèbres du monde - 20 questions avancées,Géographie,geographie,,Teste tes connaissances avec 20 questions sur les volcans célèbres du monde et leurs impacts.,true,false,data/quizzes/geographie/geographie-volcans.json
quiz-abraham-lincoln-esclavage-guerre-civile,"Quiz Histoire - Abraham Lincoln - Esclavage, guerre civile et unité américaine",Histoire,histoire,,"Président, guerre civile et abolition : teste tes connaissances sur Abraham Lincoln.",true,true,data/quizzes/histoire/histoire-lincoln.json
quiz-alexandre-le-grand-conquetes-strategie,"Quiz Histoire - Alexandre le Grand - Conquêtes, batailles et génie stratégique",Histoire,histoire,,"Empire, batailles et stratégie militaire : teste tes connaissances sur Alexandre le Grand.",true,true,data/quizzes/histoire/histoire-alexandre-le-grand.json
quiz-aristote-logique-philosophie-antique,"Quiz Histoire - Aristote - Logique, sciences et fondements de la philosophie",Histoire,histoire,,"Logique, éthique et savoir antique : teste tes connaissances sur Aristote.",true,true,data/quizzes/histoire/histoire-aristote.json
quiz-histoire-catherine-de-medicis-intrigues-guerres-religion,Quiz Histoire - Catherine de Médicis - Intrigues et guerres de religion,Histoire,histoire,,"Pouvoir, religion, conflits : teste tes connaissances sur Catherine de Médicis et son rôle dans les guerres de religion.",true,false,data/quizzes/histoire/histoire-catherine-de-medicis.json
quiz-histoire-charlemagne-empire-religion-heritage-europeen,"Quiz Histoire - Charlemagne - Empire, religion et héritage européen",Histoire,histoire,,"Empire carolingien, sacre, réformes, christianisation : teste tes connaissances sur Charlemagne et son héritage.",true,true,data/quizzes/histoire/histoire-charlemagne.json
quiz-charles-de-gaulle-resistance-republique,"Quiz Histoire - Charles de Gaulle - Résistance, pouvoir et destin de la France",Histoire,histoire,,"Résistance, Ve République et leadership : teste tes connaissances sur de Gaulle.",true,true,data/quizzes/histoire/histoire-charles-de-gaulle.json
quiz-chute-troisieme-republique-histoire,Quiz Histoire - Chute de la IIIe République - Comprendre l'effondrement de 1940,Histoire,histoire,,"Défaite militaire, crise politique et régime de Vichy : teste tes connaissances sur la fin de la IIIe République.",true,true,data/quizzes/histoire/histoire-III-republique.json
quiz-commune-paris-1871-histoire,"Quiz Histoire - Commune de Paris - Révolution, espoirs et répression",Histoire,histoire,,"Insurrection, République sociale et semaine sanglante : teste tes connaissances sur la Commune de Paris.",true,true,data/quizzes/histoire/histoire-commune-paris.json
connais-tu-vraiment-l-histoire-du-luxembourg,Quiz Histoire - Connais-tu Vraiment l'Histoire du Luxembourg ?,Histoire,histoire,2026-07-09,"Fondation, guerres, traités, occupation nazie et construction européenne : sauras-tu tout sur l'histoire du Grand-Duché ?",true,false,data/quizzes/histoire/histoire-luxembourg.json
quiz-histoire-debarquement-normandie,Quiz Histoire - Débarquement de Normandie - Que sais-tu vraiment ?,Histoire,histoire,,"6 juin 1944, D-Day, plages, Alliés : teste tes connaissances sur le Débarquement de Normandie.",true,true,data/quizzes/histoire/histoire-d-day.json
quiz-dieux-grecs-mythologie,Quiz Histoire - Dieux grecs - Êtes-vous incollable sur la mythologie ?,Histoire,histoire,,"Zeus, Athéna, Hadès, Poséidon : teste tes connaissances sur les dieux et les mythes de la Grèce antique.",true,true,data/quizzes/histoire/histoire-dieux-grecs.json
quiz-dynasties-francaises-histoire,Quiz Histoire - Dynasties françaises - Saurez-vous retracer les lignées royales ?,Histoire,histoire,,"Mérovingiens, Carolingiens, Capétiens : teste tes connaissances sur les dynasties françaises.",true,true,data/quizzes/histoire/histoire-dynastie-francaises.json
quiz-egypte-ancienne-pharaons-civilisation,"Quiz Histoire - Égypte ancienne - Pharaons, dieux et civilisation",Histoire,histoire,,"Pharaons, pyramides, hiéroglyphes : teste tes connaissances sur l'Égypte ancienne.",true,true,data/quizzes/histoire/histoire-egypte-antique.json
quiz-elisabeth-premiere-politique-religion-maritime,"Quiz Histoire - Élisabeth Ire - Pouvoir, religion et expansion maritime anglaise",Histoire,histoire,,"Reine d’Angleterre, conflits religieux et puissance navale : teste tes connaissances sur Élisabeth Ire.",true,true,data/quizzes/histoire/histoire-elizabeth-I.json
quiz-histoire-napoleon-bonaparte,Quiz Histoire - Es-tu incollable sur Napoléon Bonaparte ?,Histoire,histoire,,"Batailles, Empire, exil, réformes : teste tes connaissances sur Napoléon Bonaparte.",true,true,data/quizzes/histoire/histoire-bonaparte.json
quiz-francois-premier-histoire,"Quiz Histoire - François Ier - Rivalités, renaissance et construction du pouvoir royal",Histoire,histoire,,"Roi de la Renaissance, mécène et stratège : teste tes connaissances sur François Ier.",true,true,data/quizzes/histoire/histoire-francois-Ier.json
quiz-grandes-figures-politiques-francaises-histoire,Quiz Histoire - Grandes figures politiques françaises - Les connaissez-vous vraiment ?,Histoire,histoire,,"Révolution, République, Empire et réformes : teste tes connaissances sur les grandes figures politiques françaises.",true,true,data/quizzes/histoire/histoire-figures-politiques-francaises.json
quiz-guerre-algerie-histoire,Quiz Histoire - Guerre d'Algérie - Comprendre un conflit majeur du XXe siècle,Histoire,histoire,,"Décolonisation, conflit et indépendance : teste tes connaissances sur la guerre d'Algérie.",true,true,data/quizzes/histoire/histoire-guerre-algerie.json
quiz-guerre-cent-ans-histoire,Quiz Histoire - Guerre de Cent Ans - Connaissez-vous les moments clés ?,Histoire,histoire,,"Batailles, rois et grandes figures : teste tes connaissances sur la guerre de Cent Ans.",true,true,data/quizzes/histoire/histoire-guerre-100-ans.json
quiz-guerre-froide-histoire,Quiz Histoire - Guerre froide - Saurez-vous décrypter les tensions ?,Histoire,histoire,,"Blocs, crises et idéologies : teste tes connaissances sur la guerre froide.",true,true,data/quizzes/histoire/histoire-guerre-froide.json
quiz-guerres-religion-histoire,Quiz Histoire - Guerres de religion - Connaissez-vous cette période troublée ?,Histoire,histoire,,"Catholiques, protestants et conflits : teste tes connaissances sur les guerres de religion.",true,true,data/quizzes/histoire/histoire-guerre-religion.json
quiz-guerres-xviiie-siecle-histoire,Quiz Histoire - Guerres du XVIIIe siècle - Saurez-vous vous situer ?,Histoire,histoire,,"Conflits, alliances et empires : teste tes connaissances sur les guerres du XVIIIe siècle.",true,true,data/quizzes/histoire/histoire-guerre-18.json
quiz-guerres-napoleoniennes-histoire,Quiz Histoire - Guerres napoléoniennes - Maîtrisez-vous les grandes batailles ?,Histoire,histoire,,"Napoléon, batailles et empires : teste tes connaissances sur les guerres napoléoniennes.",true,true,data/quizzes/histoire/histoire-guerre-napoleon.json
quiz-histoire-henri-viii-mariage-rupture-pouvoir-royal,"Quiz Histoire - Henri VIII - Mariage, rupture et pouvoir royal",Histoire,histoire,,"Angleterre, Église, mariages, pouvoir : teste tes connaissances sur Henri VIII.",true,true,data/quizzes/histoire/histoire-henri-VIII.json
quiz-indochine-francaise-histoire,"Quiz Histoire - Indochine française - Colonisation, guerre et indépendances",Histoire,histoire,,"Colonisation, conflits et décolonisation : teste tes connaissances sur l'Indochine française.",true,true,data/quizzes/histoire/histoire-indochine.json
quiz-histoire-jeanne-darc-mythe-realite,Quiz Histoire - Jeanne d'Arc - Mythe ou réalité ?,Histoire,histoire,,"Héroïne, sainte, figure politique : teste tes connaissances sur Jeanne d'Arc entre légende et réalité.",true,true,data/quizzes/histoire/histoire-jeannedarc.json
quiz-histoire-napoleon-reformes,Quiz Histoire - L'héritage de Napoléon - Institutions et réformes,Histoire,histoire,2026-07-21,"Code civil, préfets, lycées, Banque de France, Légion d'honneur… Napoléon a redessiné les institutions françaises de fond en comble. Sauras-tu distinguer ce qu'il a vraiment créé, réformé et transmis jusqu'à aujourd'hui ?",true,false,data/quizzes/histoire/histoire-napoleon-reforme.json
quiz-histoire-declaration-droits-homme,Quiz Histoire - La Déclaration des droits de l'homme,Histoire,histoire,2026-07-20,Découvrez les principes fondateurs des droits de l'homme à travers les grandes déclarations de 1789 et de 1948.,true,false,data/quizzes/histoire/histoire-déclaration-droit.json
quiz-histoire-liberation-de-paris,Quiz Histoire - La Libération de Paris en 1944 – 20 questions sur un tournant de la Seconde Guerre mondiale,Histoire,histoire,2026-07-20,Découvrez les acteurs et les moments clés de la Libération de Paris lors de cet épisode majeur de la Seconde Guerre mondiale.,true,false,data/quizzes/histoire/histoire-liberation-paris.json
quiz-histoire-renaissance-art-humanisme,"Quiz Histoire - La Renaissance - Art, humanisme et révolutions culturelles",Histoire,histoire,,"Léonard de Vinci, Érasme, Gutenberg : teste tes connaissances sur la Renaissance.",true,true,data/quizzes/histoire/histoire-renaiisance.json
quiz-histoire-robespierre,"Quiz Histoire - Le destin de Robespierre, figure de la Révolution française",Histoire,histoire,2026-07-20,"Découvrez le parcours de Maximilien Robespierre, de ses débuts comme avocat à son rôle majeur pendant la Révolution française, jusqu'à sa chute lors du 9 Thermidor.",true,false,data/quizzes/histoire/histoire-robespierre.json
quiz-histoire-le-luxembourg-pendant-la-seconde-guerre-mondiale,Quiz Histoire - Le Luxembourg pendant la Seconde Guerre mondiale,Histoire,histoire,2026-07-09,"Invasion, occupation nazie, résistance, déportations et libération : explore les grandes heures de la Seconde Guerre mondiale au Luxembourg avec ce quiz historique de 20 questions.",true,false,data/quizzes/histoire/histoire-premiere-guerre-mondiale-luxembourg.json
quiz-histoire-napoleon-citations,Quiz Histoire - Les citations de Napoléon,Histoire,histoire,2026-07-22,"Complétez, identifiez, situez… 20 questions sur les formules les plus célèbres attribuées à Napoléon — entre authentiques, inventées et mal attribuées.",true,false,data/quizzes/histoire/histoire-citations-napoleon.json
quiz-histoire-evenements-cles-france,Quiz Histoire - Les événements clés de la France,Histoire,histoire,,"Révolution, Empire, guerres, grandes dates : teste tes connaissances sur les moments clés de l'histoire de France.",true,true,data/quizzes/histoire/histoire-evenements-cle-france.json
quiz-femmes-influentes-france-histoire,Quiz Histoire - Les femmes influentes en France : connaissez-vous leurs combats ?,Histoire,histoire,,"Politique, culture et engagement : teste tes connaissances sur les femmes influentes en France.",true,true,data/quizzes/histoire/histoire-femmes-politique.json
quiz-histoire-les-grandes-figures-belges,Quiz Histoire - Les Figures Belges qui ont Marqué l'Histoire,Histoire,histoire,2026-07-08,"Van Eyck, Rubens, Magritte, Simenon, Sax... Sauras-tu reconnaître les grandes figures de l'histoire belge ?",true,false,data/quizzes/histoire/histoire-les-figures-belges.json
quiz-histoire-les-grandes-dates-de-la-suisse,Quiz Histoire - Les Grandes Dates de la Suisse,Histoire,histoire,2026-07-08,"Pacte de 1291, Marignan, Réforme, vote des femmes... Sauras-tu dater les grands moments de l'histoire suisse ?",true,false,data/quizzes/histoire/histoire-date-de-la-suisse.json
quiz-histoire-les-grands-ducs-du-luxembourg-les-connais-tu-tous,Quiz Histoire - Les Grands-Ducs du Luxembourg - Les Connais-tu Tous ?,Histoire,histoire,2026-07-09,De Guillaume Ier à Guillaume V : sauras-tu tout sur les dix Grands-Ducs du Luxembourg ?,true,false,data/quizzes/histoire/histoire-grands-ducs-luxembourg.json
quiz-guerres-civiles-celebres,Quiz Histoire - Les Guerres Civiles Célèbres - 20 conflits qui ont changé le monde,Histoire,histoire,2026-06-20,"Teste tes connaissances sur les grandes guerres civiles de l'histoire, leurs causes, leurs acteurs et leurs conséquences.",true,true,data/quizzes/histoire/histoire-guerre-civile.json
quiz-invasions-celebres-histoire,Quiz Histoire - Les Invasions Célèbres - 20 questions sur les grandes conquêtes et invasions de l'histoire,Histoire,histoire,2026-06-23,"Teste tes connaissances sur les invasions les plus célèbres de l'histoire, des conquêtes antiques aux grandes offensives du XXe siècle.",true,true,data/quizzes/histoire/histoire-invasion-velebres.json
quiz-monarques-controverses,Quiz Histoire - Les Monarques Controversés - 20 souverains qui ont marqué leur époque,Histoire,histoire,2026-06-17,"Teste tes connaissances sur les rois, reines, empereurs et souverains dont le règne a suscité débats, crises et oppositions.",true,true,data/quizzes/histoire/histoire-monarques-controverses.json
quiz-monarques-plus-puissants,Quiz Histoire - Les Monarques les Plus Puissants,Histoire,histoire,2026-06-08,"Empereurs, rois, conquérants et souveraines légendaires : connais-tu les monarques qui ont marqué l'histoire ?",true,true,data/quizzes/histoire/histoire-monarques.json
quiz-mysteres-non-resolus-histoire,Quiz Histoire - Les Mystères Non Résolus de l'Histoire - 20 énigmes fascinantes,Histoire,histoire,2026-06-24,Teste tes connaissances sur les plus grands mystères non résolus de l'histoire.,true,true,data/quizzes/histoire/histoire-mystere-non-resolu.json
quiz-regnes-plus-longs,Quiz Histoire - Les Règnes les Plus Longs,Histoire,histoire,2026-06-11,"Rois, reines, empereurs et souverains restés au pouvoir pendant des décennies : connais-tu les règnes les plus longs ?",true,true,data/quizzes/histoire/histoire-regnes-longs.json
quiz-histoire-les-rois-des-belges,Quiz Histoire - Les Rois des Belges,Histoire,histoire,2026-07-08,"Léopold Ier, Albert Ier, Baudouin, Philippe... Sauras-tu tout sur les sept rois des Belges ?",true,false,data/quizzes/histoire/histoire-roi-des-belges.json
quiz-histoire-louis-xvi-crise-revolution-execution,"Quiz Histoire - Louis XVI - Crise, révolution et exécution",Histoire,histoire,,"Monarchie, Révolution française, procès : teste tes connaissances sur Louis XVI.",true,true,data/quizzes/histoire/histoire-louis-XVI.json
quiz-mai-68-crise-sociale-politique,"Quiz Histoire - Mai 68 - Révolte étudiante, crise sociale et bouleversements politiques",Histoire,histoire,,"Grèves, manifestations et changements sociaux : teste tes connaissances sur Mai 68.",true,true,data/quizzes/histoire/histoire-mai-68.json
quiz-marie-curie-decouvertes-radioactivite,"Quiz Histoire - Marie Curie - Radioactivité, découvertes et révolution scientifique",Histoire,histoire,,"Prix Nobel, recherches et science : teste tes connaissances sur Marie Curie.",true,true,data/quizzes/histoire/histoire-marie-curie.json
quiz-marie-antoinette-versailles-revolution,"Quiz Histoire - Marie-Antoinette - Versailles, scandales et chute de la monarchie",Histoire,histoire,,"Reine controversée, vie à Versailles et Révolution : teste tes connaissances sur Marie-Antoinette.",true,true,data/quizzes/histoire/histoire-marie-antoinette.json
quiz-histoire-monarchie-vs-republique,Quiz Histoire - Monarchie vs République : connais-tu l'histoire ?,Histoire,histoire,,"Rois, révolutions, constitutions : teste tes connaissances sur les régimes politiques à travers l'histoire.",true,true,data/quizzes/histoire/histoire-monarchie-rep.json
quiz-monarchies-europeennes-histoire,Quiz Histoire - Monarchies européennes - Testez votre culture historique,Histoire,histoire,,"Rois, reines et dynasties : teste tes connaissances sur les monarchies européennes.",true,true,data/quizzes/histoire/histoire-monarchie-europe.json
quiz-mythologie-grecque-sans-faute,Quiz Histoire - Mythologie grecque - Pouvez-vous faire un sans-faute ?,Histoire,histoire,,"Dieux, héros et légendes : teste tes connaissances sur la mythologie grecque et ses récits fascinants.",true,true,data/quizzes/histoire/histoire-mythologie-grecque.json
quiz-histoire-napoleon-empire-francais,Quiz Histoire - Napoléon - L'Empire Français,Histoire,histoire,2026-07-20,"Explorez le destin exceptionnel de Napoléon Ier, entre victoires éclatantes, réformes durables et chute de l'Empire français.",true,false,data/quizzes/histoire/histoire-empire-francais.json
quiz-histoire-napoleon-austerlitz,Quiz Histoire - Napoléon - La Bataille d'Austerlitz,Histoire,histoire,2026-07-21,Revivez la bataille des Trois Empereurs et explorez les décisions tactiques qui ont fait d'Austerlitz l'un des plus grands chefs-d'œuvre militaires de l'histoire.,true,false,data/quizzes/histoire/histoire-austerlitz.json
quiz-histoire-napoleon-waterloo,Quiz Histoire - Napoléon - La Bataille de Waterloo,Histoire,histoire,2026-07-20,"Teste tes connaissances sur la bataille de Waterloo du 18 juin 1815 : les acteurs, les décisions tactiques, les moments clés et les conséquences de la défaite finale de Napoléon.",true,false,data/quizzes/histoire/histoire-waterloo.json
quiz-histoire-napoleon-campagne-egypte,Quiz Histoire - Napoléon - La campagne d'Égypte,Histoire,histoire,2026-07-21,"Teste tes connaissances sur la campagne d'Égypte : la bataille des Pyramides, la destruction de la flotte française par Nelson, la Pierre de Rosette, l'Institut d'Égypte et le départ de Napoléon pour Paris.",true,false,data/quizzes/histoire/histoire-campagne-egypte.json
quiz-histoire-napoleon-campagne-russie,Quiz Histoire - Napoléon - La campagne de Russie,Histoire,histoire,2026-07-21,"Retracez l'avancée de la Grande Armée jusqu'à Moscou, puis la terrible retraite qui fit de la Bérézina le symbole universel d'un désastre.",true,false,data/quizzes/histoire/histoire-campagne-russie.json
quiz-histoire-napoleon-grande-armee,Quiz Histoire - Napoléon - La Grande Armée,Histoire,histoire,2026-07-22,"Grognards, maréchaux, Aigles, corps d'armée, méritocratie militaire… La Grande Armée fut bien plus qu'une armée de conquête. Sauras-tu en révéler tous les secrets ?",true,false,data/quizzes/histoire/histoire-napoleon-armee.json
quiz-histoire-napoleon-sacre,Quiz Histoire - Napoléon - Le Sacre,Histoire,histoire,2026-07-22,"Notre-Dame, le pape Pie VII, la couronne saisie, Joséphine agenouillée, David et son tableau monumental… Le sacre de Napoléon est l'un des événements les plus chargés de symboles de toute l'histoire française.",true,false,data/quizzes/histoire/histoire-sacre-napoleon.json
quiz-histoire-napoleon-cent-jours,Quiz Histoire - Napoléon - Les Cent-Jours,Histoire,histoire,2026-07-21,"De l'île d'Elbe au golfe Juan, de Laffrey à Paris, puis de Waterloo à Rochefort… Sauras-tu retracer les 94 jours les plus romanesques de l'histoire napoléonienne ?",true,false,data/quizzes/histoire/histoire-napoleon-100-jours.json
quiz-histoire-napoleon-josephine,Quiz Histoire - Napoléon et Joséphine,Histoire,histoire,2026-07-22,"Rose de Martinique, lettres d'amour enflammées, sacre à Notre-Dame, roses de Malmaison, divorce et larmes aux Tuileries… L'histoire de Napoléon et Joséphine est l'une des plus romanesques de l'histoire.",true,false,data/quizzes/histoire/histoire-napoleon-josephine.json
quiz-peste-noire-histoire,Quiz Histoire - Peste noire - Que savez-vous vraiment de cette épidémie ?,Histoire,histoire,,"Propagation, conséquences et histoire : teste tes connaissances sur la peste noire au Moyen Âge.",true,true,data/quizzes/histoire/histoire-peste-noire.json
quiz-presidents-republique-histoire,Quiz Histoire - Présidents de la République - Les connaissez-vous vraiment ?,Histoire,histoire,,De la IIIe à la Ve République : teste tes connaissances sur les présidents français.,true,true,data/quizzes/histoire/histoire-president-republique.json
quiz-histoire-seconde-guerre-mondiale-test-ultime,Quiz Histoire - Seconde Guerre mondiale - Test ultime,Histoire,histoire,,"Batailles, dates clés, acteurs majeurs : teste tes connaissances sur la Seconde Guerre mondiale.",true,true,data/quizzes/histoire/histoire-premiere-guerre.json
quiz-trente-glorieuses-france-histoire,"Quiz Histoire - Trente Glorieuses - Croissance, société et transformations en France",Histoire,histoire,,"Économie, consommation et modernisation : teste tes connaissances sur les Trente Glorieuses.",true,true,data/quizzes/histoire/histoire-30-glorieuses.json
quiz-histoire-napoleon-vrai-ou-faux,Quiz Histoire - Vrai ou Faux sur Napoléon,Histoire,histoire,2026-07-22,"Napoléon mesurait 1,51 m, est mort à Waterloo, s'est fait sacrer à Reims… Vraiment ? 20 affirmations sur Napoléon — certaines exactes, d'autres fausses ou légendaires. Saurez-vous faire la part des choses ?",true,false,data/quizzes/histoire/histoire-vrai-faux-napoleon.json
quiz-histoire-alienor-aquitaine,"Quiz Histoire – Aliénor d'Aquitaine - Reine de France, reine d'Angleterre et femme de pouvoir",Histoire,histoire,2026-09-04,"Croisade, emprisonnement, rançon, cours d'amour… Aliénor d'Aquitaine mena l'une des vies les plus extraordinaires du Moyen Âge. 20 questions pour la découvrir.",true,false,data/quizzes/histoire/histoire-alienor-aquitaine.json
quiz-histoire-anne-d-autriche,"Quiz Histoire – Anne d'Autriche, de reine de France à régente du royaume",Histoire,histoire,2026-09-07,"Reine étrangère méfiée par Richelieu, mère de Louis XIV après vingt ans d'attente, régente durant la Fronde… Anne d'Autriche reste l'une des figures royales les plus méconnues du Grand Siècle.",true,false,data/quizzes/histoire/histoire-anne-d-autriche.json
quiz-histoire-anne-de-bretagne,Quiz Histoire – Anne de Bretagne - La duchesse devenue deux fois reine de France,Histoire,histoire,2026-09-03,"Château de Langeais, Maximilien de Habsbourg, Claude de France, les Grandes Heures… 20 questions sur la vie de la dernière grande duchesse de Bretagne.",true,false,data/quizzes/histoire/histoire-anne-de-bretagne.json
quiz-histoire-blanche-de-castille,Quiz Histoire – Blanche de Castille - La reine qui gouverna le royaume de France,Histoire,histoire,2026-09-05,"Régente, diplomate et mère de Saint Louis, Blanche de Castille gouverna la France deux fois. Testez vos connaissances sur cette reine de caractère.",true,false,data/quizzes/histoire/histoire-blanche-de-castille.json
quiz-histoire-charles-ix,"Quiz Histoire – Charles IX, le roi de la Saint-Barthélemy",Histoire,histoire,2026-08-23,"Coligny, la Saint-Barthélemy, Catherine de Médicis, les guerres de Religion et la fin tragique d'un règne à seulement 23 ans : connais-tu vraiment Charles IX ?",true,false,data/quizzes/histoire/histoire-charles-IX.json
quiz-histoire-charles-vii,"Quiz Histoire – Charles VII, Jeanne d'Arc et la reconquête du royaume",Histoire,histoire,2026-08-18,"« Roi de Bourges », Chinon, Orléans, Reims, Rouen, le traité d'Arras, les frères Bureau, les compagnies d'ordonnance, Agnès Sorel et la fin de la guerre de Cent Ans… Teste tes connaissances sur le règne de Charles VII le Victorieux.",true,false,data/quizzes/histoire/histoire-charles-VII.json
quiz-histoire-charles-viii,Quiz Histoire – Charles VIII - Le roi qui lança les guerres d'Italie,Histoire,histoire,2026-08-20,"Anne de Bretagne, Naples et guerres d'Italie : connais-tu vraiment le règne aventureux de Charles VIII ?",true,false,data/quizzes/histoire/histoire-charles-viii.json
quiz-histoire-clovis,Quiz Histoire – Clovis - Connais-tu vraiment le premier grand roi des Francs ?,Histoire,histoire,2026-09-11,"Vase de Soissons, vœu de Tolbiac, baptême par saint Rémi, victoire sur les Wisigoths… Les grandes étapes du règne de Clovis, entre tradition historique et débat des sources.",true,false,data/quizzes/histoire/histoire-clovis.json
quiz-histoire-revolution-francaise,Quiz Histoire – Connais-tu vraiment la Révolution française ?,Histoire,histoire,,"Prise de la Bastille, Louis XVI, Terreur, République, guillotine : teste vraiment tes connaissances sur la Révolution française.",true,true,data/quizzes/histoire/histoire-revolution-francaise.json
quiz-histoire-couples-royaux,Quiz Histoire – Couples royaux - Les mariages qui ont changé l'histoire de France,Histoire,histoire,2026-09-02,"Aliénor et Louis VII, Henri IV et Marguerite de Valois, Napoléon et Joséphine, Marie-Antoinette et Louis XVI… 20 questions sur les unions qui ont bouleversé le cours de l'histoire.",true,false,data/quizzes/histoire/histoire-couples-royaux.json
quiz-cour-versailles-histoire,"Quiz Histoire – Cour de Versailles : intrigues, pouvoir et vie royale",Histoire,histoire,,"Louis XIV, noblesse et étiquette : teste tes connaissances sur la cour de Versailles.",true,true,data/quizzes/histoire/histoire-versailles.json
quiz-empire-romain-histoire,Quiz Histoire – Empire romain : testez vos connaissances sur Rome,Histoire,histoire,,"Césars, gladiateurs, conquêtes et civilisation : teste tes connaissances sur l'Empire romain.",true,true,data/quizzes/histoire/histoire-rome-antique.json
quiz-etats-unis-histoire,"Quiz Histoire – États-Unis - Indépendance, guerre civile et puissance mondiale",Histoire,histoire,,"Indépendance, guerre civile et puissance : teste tes connaissances sur l'histoire des États-Unis.",true,true,data/quizzes/histoire/histoire-us.json
quiz-histoire-eugenie-de-montijo,"Quiz Histoire – Eugénie de Montijo, la dernière impératrice des Français",Histoire,histoire,2026-09-09,"Grenade, haute couture, canal de Suez, Sedan et exil… La vie d'Eugénie de Montijo traverse les grandes heures du XIXe siècle. 20 questions pour découvrir la femme derrière l'impératrice.",true,false,data/quizzes/histoire/histoire-eugenie-m.json
quiz-histoire-henri-ii,"Quiz Histoire – Henri II, le roi dont la mort bouleversa la France",Histoire,histoire,2026-08-22,"Diane de Poitiers, Catherine de Médicis, la reconquête de Calais, le traité de Cateau-Cambrésis et le tournoi fatal de 1559 : sais-tu vraiment qui était Henri II ?",true,false,data/quizzes/histoire/histoire-henri-II.json
quiz-histoire-henri-iii,"Quiz Histoire – Henri III, le dernier roi de la dynastie des Valois",Histoire,histoire,2026-08-24,"Les mignons, la Ligue catholique, la Journée des Barricades, l'assassinat des Guise à Blois et le meurtre du roi par un moine : sais-tu vraiment qui était Henri III ?",true,false,data/quizzes/histoire/histoire-henri-III.json
quiz-histoire-henri-iv,"Quiz Histoire – Henri IV, le roi le plus populaire de France ?",Histoire,histoire,2026-08-13,"« Paris vaut bien une messe », la poule au pot, l'Édit de Nantes, le panache blanc d'Ivry, Gabrielle d'Estrées et François Ravaillac… Teste tes connaissances sur le Vert-Galant, premier roi Bourbon et figure incontournable de l'histoire de France.",true,false,data/quizzes/histoire/histoire-henri-IV.json
quiz-histoire-josephine-de-beauharnais,"Quiz Histoire – Joséphine de Beauharnais, de la Révolution au trône impérial",Histoire,histoire,2026-09-10,"Martinique, guillotine évitée de justesse, couronnement à Notre-Dame, roses de Malmaison et divorce impérial… La vie de Joséphine traverse toutes les tempêtes du tournant des XVIIIe et XIXe siècles.",true,false,data/quizzes/histoire/histoire-josephine.json
quiz-guerre-de-secession-americaine,Quiz Histoire – La Guerre de Sécession américaine,Histoire,histoire,2026-06-05,"Lincoln, esclavage, Nord contre Sud, Gettysburg... connais-tu vraiment la Guerre de Sécession ?",true,true,data/quizzes/histoire/histoire-secession.json
quiz-resistance-francaise-histoire,Quiz Histoire – La Résistance française : connaissez-vous les héros de l'ombre ?,Histoire,histoire,,"Seconde Guerre mondiale, réseaux clandestins et figures clés : testez vos connaissances sur la Résistance française.",true,true,data/quizzes/histoire/histoire-resistance-francaise.json
quiz-histoire-femmes-qui-ont-marque-lhistoire,Quiz Histoire – Les femmes qui ont marqué l'histoire,Histoire,histoire,2026-08-12,"Marie Curie, Jeanne d'Arc, Cléopâtre, Rosa Parks, Harriet Tubman, Simone Veil, Valentina Tereshkova… Teste tes connaissances sur les femmes qui ont changé le cours de l'histoire à travers les siècles et les continents.",true,false,data/quizzes/histoire/histoire-femme-histoire.json
quiz-rois-de-france-histoire,Quiz Histoire – Les rois de France : saurez-vous reconnaître les grands monarques ?,Histoire,histoire,,"Capétiens, Valois, Bourbons et grandes figures : teste tes connaissances sur les rois de France.",true,true,data/quizzes/histoire/histoire-roi-de-france.json
quiz-souverains-russie,Quiz Histoire – Les souverains de Russie : 20 dirigeants qui ont façonné un empire,Histoire,histoire,2026-06-14,"Teste tes connaissances sur les princes, tsars, impératrices et empereurs qui ont marqué l'histoire de la Russie.",true,true,data/quizzes/histoire/histoire-tsars.json
quiz-histoire-louis-xi,"Quiz Histoire – Louis XI - Intrigues, pouvoir et rivalité avec la Bourgogne",Histoire,histoire,2026-08-19,"Charles le Téméraire, Péronne, intrigues et conquêtes : connais-tu vraiment le règne mouvementé de Louis XI ?",true,false,data/quizzes/histoire/histoire-louis-XI.json
quiz-histoire-louis-xii,Quiz Histoire – Louis XII - Pourquoi l'appelait-on le Père du peuple ?,Histoire,histoire,2026-08-21,"Réformes fiscales, mariage avec Anne de Bretagne, conquêtes en Italie et fin de règne : sais-tu pourquoi Louis XII fut surnommé le Père du peuple ?",true,false,data/quizzes/histoire/histoire-louis-Xii.json
quiz-histoire-louis-xiii,"Quiz Histoire – Louis XIII - Richelieu, mousquetaires et pouvoir royal",Histoire,histoire,2026-08-25,"François Ravaillac, Concino Concini, le siège de La Rochelle, la Journée des Dupes, l'Académie française et la naissance de Louis XIV : sais-tu vraiment qui était Louis XIII ?",true,false,data/quizzes/histoire/histoire-louisxiii.json
quiz-histoire-louis-xv,Quiz Histoire – Louis XV - Que sais-tu du règne du Bien-Aimé ?,Histoire,histoire,2026-08-14,"Fontenoy, la guerre de Sept Ans, Madame de Pompadour, Madame du Barry, l'affaire Damiens, le renvoi des jésuites, le traité de Paris de 1763… Teste tes connaissances sur le long et contrasté règne du Bien-Aimé.",true,false,data/quizzes/histoire/histoire-louis-XV.json
quiz-histoire-louis-philippe,"Quiz Histoire – Louis-Philippe Ier, le dernier roi des Français",Histoire,histoire,2026-09-12,"Fils de Philippe Égalité, officier à Valmy, roi citoyen à l'ombrelle, caricaturé en poire, renversé en 1848… Louis-Philippe Ier fut l'une des figures les plus singulières de la monarchie française.",true,false,data/quizzes/histoire/histoire-louis-philippe.json
quiz-histoire-marguerite-de-valois,Quiz Histoire – Marguerite de Valois - Connais-tu la véritable Reine Margot ?,Histoire,histoire,2026-09-06,"Alexandre Dumas en a fait une héroïne de roman. Mais qui était vraiment Marguerite de Valois — fille de Catherine de Médicis, épouse de Henri IV, mémorialiste et témoin de la fin des Valois ?",true,false,data/quizzes/histoire/histoire-marguerite-de-valois.json
quiz-histoire-marie-leszczynska,Quiz Histoire – Marie Leszczynska - Qui était vraiment l'épouse de Louis XV ?,Histoire,histoire,2026-09-08,"Reine pendant 43 ans, mère de dix enfants, mélomane et femme de foi — Marie Leszczynska reste l'une des reines de France les plus méconnues, éclipsée par les favorites de son mari.",true,false,data/quizzes/histoire/histoire-marie-l.json
quiz-naissance-ve-republique-histoire,Quiz Histoire – Naissance de la Ve République : comprendre la crise de 1958,Histoire,histoire,,"Crise politique, de Gaulle et nouvelle Constitution : teste tes connaissances sur la naissance de la Ve République.",true,true,data/quizzes/histoire/histoire-V-republique.json
quiz-histoire-philippe-auguste,"Quiz Histoire – Philippe Auguste, le roi qui a transformé le royaume de France",Histoire,histoire,2026-08-15,"Bouvines, la reconquête de la Normandie, Château-Gaillard, le dallage de Paris, les baillis, l'affaire Ingeburge, la croisade avec Richard Cœur de Lion… Teste tes connaissances sur le règne extraordinaire du premier grand Capétien.",true,false,data/quizzes/histoire/histoire-philippe.json
quiz-histoire-philippe-le-bel,"Quiz Histoire – Philippe le Bel - Templiers, papauté et pouvoir royal",Histoire,histoire,2026-08-17,"Templiers, Boniface VIII, États généraux, Nogaret, Clericis laicos, Unam Sanctam, la papauté d'Avignon, la malédiction de Molay et l'affaire de la Tour de Nesle… Teste tes connaissances sur le règne du plus puissant des Capétiens.",true,false,data/quizzes/histoire/histoire-philippe-le-bel.json
quiz-histoire-louis-xiv,Quiz Histoire – Que sais-tu vraiment sur Louis XIV ?,Histoire,histoire,,"Versailles, absolutisme, guerres, rayonnement : teste tes connaissances sur le Roi Soleil.",true,true,data/quizzes/histoire/histoire-roi-soleil.json
quiz-histoire-reine-victoria-industrialisation-empire-britannique,Quiz Histoire – Reine Victoria : industrialisation et empire britannique,Histoire,histoire,,"Empire britannique, révolution industrielle, société victorienne : teste tes connaissances sur la reine Victoria.",true,true,data/quizzes/histoire/histoire-victoria.json
quiz-revolution-industrielle-changements-histoire,"Quiz Histoire – Révolution industrielle : innovations, société et bouleversements",Histoire,histoire,,"Machines, usines et transformations sociales : teste tes connaissances sur la révolution industrielle.",true,true,data/quizzes/histoire/histoire-revolution-industrielle.json
quiz-histoire-rois-assassines,Quiz Histoire – Rois de France assassinés - Connais-tu leur destin tragique ?,Histoire,histoire,2026-09-01,"Jacques Clément, François Ravaillac, Jean Chastel, Robert-François Damiens… 20 questions sur les complots, assassins et tentatives qui ont ensanglanté l'histoire royale de France.",true,false,data/quizzes/histoire/histoire-rois-assassines.json
quiz-histoire-saint-louis,"Quiz Histoire – Saint Louis - Croisades, justice et royaume de France",Histoire,histoire,2026-08-16,"Blanche de Castille, la Sainte-Chapelle, Damiette, Mansoura, la captivité en Égypte, Joinville, le Parlement, les ordonnances de 1254, le traité de Paris de 1259 et la mort à Carthage… Teste tes connaissances sur le roi le plus saint de France.",true,false,data/quizzes/histoire/histoire-saint-louis.json
quiz-socrate-dialogue-methode-philosophique,"Quiz Histoire – Socrate : dialogue, vérité et naissance de la philosophie critique",Histoire,histoire,,"Maïeutique, dialogue et vérité : teste tes connaissances sur Socrate.",true,true,data/quizzes/histoire/histoire-socrates.json
quiz-winston-churchill-guerre-deuxieme-guerre-mondiale,Quiz Histoire – Winston Churchill : décisions clés et leadership pendant la guerre,Histoire,histoire,,"Discours, stratégie et résistance : teste tes connaissances sur Winston Churchill.",true,true,data/quizzes/histoire/histoire-winston.json
quiz-musique-abba,Quiz ABBA – Connaissez-vous vraiment leurs chansons ?,Musique,musique,2026-09-17,"Waterloo, Dancing Queen, Mamma Mia, Fernando, The Winner Takes It All, Gimme! Gimme! Gimme!… Testez vos connaissances sur le groupe suédois le plus vendu de l'histoire en 20 questions.",true,false,data/quizzes/musique/musique-abba.json
quiz-musique-britpop,"Quiz Britpop – Oasis, Blur et les années 90",Musique,musique,2026-09-21,"Wonderwall, Parklife, Common People, Song 2, Bitter Sweet Symphony… Le Britpop des années 90 reste l'une des scènes rock les plus passionnantes de l'histoire britannique. 20 questions pour les vrais fans.",true,false,data/quizzes/musique/musique-britpop.json
quiz-musique-motown,Quiz Motown – Connaissez-vous les légendes du label ?,Musique,musique,2026-09-24,"Supremes, Temptations, Marvin Gaye, Stevie Wonder, Four Tops, Jackson 5… Motown Records a produit certains des titres les plus aimés de la pop et de la soul. 20 questions pour tester vos connaissances.",true,false,data/quizzes/musique/musique-motown.json
quiz-bandes-originales-films,Quiz Musique - Bandes Originales de Films - Les musiques cultes du cinéma,Musique,musique,,"Mélodies mythiques, chansons légendaires et thèmes inoubliables : ce quiz teste tes connaissances sur les bandes originales de films.",true,true,data/quizzes/musique/musique-film.json
quiz-musique-celine-dion,Quiz Musique - Céline Dion – 20 questions sur ses chansons et sa carrière,Musique,musique,2026-09-13,"De Charlemagne à Las Vegas, d'Eurovision à Titanic, de René Angélil aux Jeux Olympiques de Paris — êtes-vous un vrai fan de Céline Dion ? Testez-vous en 20 questions !",true,false,data/quizzes/musique/musique-celine-dion.json
quiz-chansons-coupe-du-monde,Quiz Musique - Chansons de Coupe du monde et hymnes du football,Musique,musique,,"Waka Waka, La Copa de la Vida, Wavin' Flag, Three Lions et hymnes mythiques du football : ce quiz teste tes connaissances sur les chansons de Coupe du monde.",true,true,data/quizzes/musique/musique-coupe-du-monde.json
quiz-musique-disco,"Quiz Musique - Disco, tubes cultes et légendes des années 70",Musique,musique,,"Bee Gees, Donna Summer, ABBA, Chic ou Gloria Gaynor : ce quiz teste tes connaissances sur la musique disco.",true,true,data/quizzes/musique/musique-disco.json
quiz-dj-musique-electronique,Quiz Musique - DJ célèbres et musique électronique,Musique,musique,,"David Guetta, Daft Punk, Avicii, Calvin Harris ou Martin Garrix : ce quiz teste tes connaissances sur les DJ et la musique électronique.",true,true,data/quizzes/musique/musique-dj.json
quiz-elvis-presley-roi-du-rock,"Quiz Musique - Elvis Presley, le Roi du Rock",Musique,musique,2026-06-05,"Graceland, rock'n'roll, Las Vegas et succès légendaires : connais-tu vraiment Elvis Presley ?",true,true,data/quizzes/musique/musique-elvis.json
quiz-musique-generiques-series-tv,Quiz Musique - Génériques de séries TV - Les intros cultes,Musique,musique,,"Chansons d'intro, thèmes instrumentaux et musiques cultes : ce quiz teste tes connaissances sur les génériques de séries TV.",true,true,data/quizzes/musique/musique-generique-serie-tv.json
quiz-girls-bands,Quiz Musique - Girls Bands - Groupes féminins cultes et tubes mythiques,Musique,musique,,"Spice Girls, Destiny's Child, TLC, Little Mix et groupes féminins cultes : ce quiz teste tes connaissances sur les girls bands.",true,true,data/quizzes/musique/musique-girls-band.json
quiz-musique-jean-jacques-goldman,Quiz Musique - Jean-Jacques Goldman – Êtes-vous incollable sur ses chansons ?,Musique,musique,2026-09-14,"Il suffira d'un signe, Comme toi, Là-bas, Né en 17 à Leidenstadt, les Enfoirés, Céline Dion… Jean-Jacques Goldman a marqué la chanson française comme peu d'artistes. 20 questions pour le vrai fan.",true,false,data/quizzes/musique/musique-goldman.json
quiz-musiques-jeux-video,Quiz Musique - Jeux Vidéo - Thèmes cultes du gaming,Musique,musique,,"Mario, Zelda, Pokémon, Final Fantasy ou Minecraft : teste tes connaissances sur les musiques de jeux vidéo cultes.",true,true,data/quizzes/musique/musique-jv.json
quiz-musique-johnny-hallyday,Quiz Musique - Johnny Hallyday – Connaissez-vous vraiment ses plus grands tubes ?,Musique,musique,2026-09-15,"Souvenirs, souvenirs, Que je t'aime, Allumer le feu, Noir c'est noir, L'envie, Quelque chose de Tennessee… Johnny Hallyday laisse un répertoire immense. Testez-vous en 20 questions !",true,false,data/quizzes/musique/musique-hallyday.json
quiz-k-pop,"Quiz Musique - K-pop - BTS, BLACKPINK, TWICE et plus",Musique,musique,,"BTS, BLACKPINK, TWICE, Stray Kids ou NewJeans : teste tes connaissances sur la K-pop.",true,true,data/quizzes/musique/musique-k-pop.json
quiz-grand-quiz-musique-mondiale,"Quiz Musique - Le Grand Quiz de la Musique Mondiale - 20 questions sur les artistes, chansons et genres incontournables",Musique,musique,2026-06-24,"Teste tes connaissances sur les plus grands artistes, chansons et événements qui ont marqué l'histoire de la musique à travers le monde.",true,true,data/quizzes/musique/musique-grand-quiz-mondial.json
quiz-musique-country,Quiz Musique - Le grand quiz des stars country,Musique,musique,,"Johnny Cash, Dolly Parton, Shania Twain, Taylor Swift ou Willie Nelson : ce quiz teste tes connaissances sur la musique country.",true,true,data/quizzes/musique/musique-country.json
quiz-artistes-plus-recompenses-grammy-awards,Quiz Musique - Les Artistes les Plus Récompensés aux Grammy Awards - 20 records et légendes de la musique,Musique,musique,2026-06-14,"Teste tes connaissances sur les artistes, groupes, compositeurs et producteurs les plus récompensés aux Grammy Awards.",true,true,data/quizzes/musique/musique-grammy.json
quiz-chansons-plus-reprises,Quiz Musique - Les Chansons les Plus Reprises,Musique,musique,2026-06-08,"Yesterday, Hallelujah, My Way ou Imagine : connais-tu les chansons qui ont inspiré le plus de reprises ?",true,true,data/quizzes/musique/musique-reprises.json
les-chanteurs-belges-les-plus-celebres,Quiz Musique - Les Chanteurs Belges les Plus Célèbres,Musique,musique,2026-07-13,"Brel, Stromae, Angèle, Adamo, Lara Fabian... Sauras-tu reconnaître les artistes belges qui ont conquis la scène musicale mondiale ?",true,false,data/quizzes/musique/musique-chanteurs-belges.json
quiz-festivals-musique-histoire,Quiz Musique - Les Festivals qui ont marqué l'histoire - 20 événements mythiques,Musique,musique,2026-06-17,"Teste tes connaissances sur les festivals, concerts et grands rassemblements musicaux qui ont marqué l'histoire.",true,true,data/quizzes/musique/musique-festivals.json
quiz-plus-grandes-voix-musique,Quiz Musique - Les Plus Grandes Voix de la Musique,Musique,musique,2026-06-11,"Whitney Houston, Freddie Mercury, Aretha Franklin ou Pavarotti : connais-tu les voix qui ont marqué l'histoire de la musique ?",true,true,data/quizzes/musique/musique-grandes-voix.json
quiz-duos-celebres,Quiz Musique - Les plus grands duos de tous les temps,Musique,musique,,"Daft Punk, Simon & Garfunkel, The White Stripes, OutKast et duos musicaux légendaires : ce quiz teste tes connaissances.",true,true,data/quizzes/musique/musique-duo-celebres.json
quiz-musique-madonna,Quiz Musique - Madonna – 20 questions pour les vrais fans,Musique,musique,2026-09-16,"Like a Virgin, Vogue, Like a Prayer, Hung Up, Material Girl, Blond Ambition Tour… Êtes-vous vraiment incollable sur la Reine de la Pop ? 20 questions pour le savoir.",true,false,data/quizzes/musique/musique-madonna.json
quiz-musique-michael-jackson,Quiz Musique - Michael Jackson – Connaissez-vous vraiment le King of Pop ?,Musique,musique,2026-09-18,"Thriller, Billie Jean, Beat It, le Moonwalk, We Are the World, Bad, Earth Song… La carrière de Michael Jackson est une des plus fascinantes de l'histoire de la pop. 20 questions pour les vrais fans.",true,false,data/quizzes/musique/musique-m-j.json
quiz-opera-celebre,Quiz Musique - Opéras célèbres et compositeurs légendaires,Musique,musique,,"Mozart, Verdi, Bizet, Puccini et grands opéras célèbres : ce quiz teste tes connaissances sur les œuvres lyriques les plus mythiques.",true,true,data/quizzes/musique/musique-opera.json
quiz-pianistes-celebres,Quiz Musique - Pianistes célèbres et légendes du piano,Musique,musique,,"Chopin, Mozart, Elton John, Lang Lang ou encore Ludovico Einaudi : ce quiz teste tes connaissances sur les pianistes célèbres.",true,true,data/quizzes/musique/musique-piano.json
quiz-rap-americain,"Quiz Musique - Rap américain, légendes et classiques du hip-hop",Musique,musique,,"Tupac, The Notorious B.I.G., Eminem, Jay-Z, Kendrick Lamar ou Nicki Minaj : ce quiz teste tes connaissances sur le rap américain.",true,true,data/quizzes/musique/musique-rap-us.json
quiz-groupes-rock-cultes,Quiz Musique - Reconnais les groupes de rock les plus cultes,Musique,musique,,"Queen, Nirvana, AC/DC, Pink Floyd, The Rolling Stones ou Led Zeppelin : teste tes connaissances sur les groupes de rock cultes.",true,true,data/quizzes/musique/musique-rock.json
quiz-albums-plus-vendus,Quiz Musique – Albums les plus vendus - Les records de l'histoire de la musique,Musique,musique,,"Succès mondiaux, records historiques et artistes légendaires : ce quiz teste tes connaissances sur les albums les plus vendus de tous les temps.",true,true,data/quizzes/musique/musique-album.json
quiz-musique-annees-70,"Quiz Musique – Années 70 - Rock, disco et funk cultes",Musique,musique,,"Disco, rock, funk et chansons mythiques : ce quiz teste tes connaissances sur la musique des années 70.",true,true,data/quizzes/musique/musique-70.json
quiz-musique-annees-90,Quiz Musique – Années 90 - Artistes et tubes cultes,Musique,musique,,"Boy bands, grunge, dance, rap et tubes cultes : ce quiz teste tes connaissances sur la musique des années 90.",true,true,data/quizzes/musique/musique-90.json
quiz-musique-culture-generale,Quiz Musique – Avez-vous une meilleure culture musicale que la moyenne ?,Musique,musique,2026-09-25,"Classique, jazz, rock, pop, opéra, électronique… Ce quiz traverse les genres et les siècles pour tester votre culture musicale générale. 20 questions pour savoir si vous êtes au-dessus de la moyenne.",true,false,data/quizzes/musique/musique-moyenne.json
quiz-boys-band,Quiz Musique – Boys bands - Sauras-tu faire un sans-faute ?,Musique,musique,,"Backstreet Boys, NSYNC, One Direction, Take That et boys bands cultes : ce quiz teste tes connaissances sur les groupes masculins les plus célèbres.",true,true,data/quizzes/musique/musique-boys-band.json
quiz-chansons-francaises-cultes,Quiz Musique – Chansons françaises cultes : les plus grands classiques,Musique,musique,,"Paroles mythiques, refrains inoubliables et artistes légendaires : ce quiz teste tes connaissances sur les chansons françaises cultes.",true,true,data/quizzes/musique/musique-chanson-fr.json
quiz-musique-artistes-changement-nom,Quiz Musique – Connais-tu le vrai nom de ces stars ?,Musique,musique,2026-08-10,"Bob Dylan s'appelait Zimmermann, Elton John était Reginald Dwight, Lady Gaga était Stefani Germanotta… Sauras-tu retrouver le vrai nom de ces artistes devenus légendaires sous un pseudonyme ?",true,false,data/quizzes/musique/musique-change-nom.json
quiz-albums-concepts-celebres,Quiz Musique – Les albums-concepts les plus célèbres - 20 œuvres cultes,Musique,musique,2026-06-20,Teste tes connaissances sur les albums-concepts qui ont marqué l'histoire de la musique.,true,true,data/quizzes/musique/musique-album-concept.json
quiz-artistes-plus-ecoutes,Quiz Musique – Les artistes les plus écoutés - 20 questions,Musique,musique,2026-06-24,Teste tes connaissances sur les artistes qui dominent les plateformes de streaming et les classements musicaux.,true,true,data/quizzes/musique/musique-artistes-plus-ecoutes.json
quiz-musique-reconnaissance-artistes,"Quiz Musique – Si vous reconnaissez ces 20 artistes, votre culture musicale est excellente",Musique,musique,2026-09-26,"20 artistes à identifier à partir d'indices biographiques et musicaux. Du rock à l'avant-garde, du jazz à la world music — combien en reconnaîtrez-vous ?",true,false,data/quizzes/musique/musique-culture.json
quiz-musique-annees-80,Quiz Musique – Tu as grandi dans les années 80 ? Fais ce quiz musique,Musique,musique,,"Synthés, clips cultes, tubes planétaires et artistes légendaires : ce quiz teste tes connaissances sur la musique des années 80.",true,true,data/quizzes/musique/musique-80.json
quiz-musique-britannique,Quiz Musique Britannique – Connaissez-vous les légendes du Royaume-Uni ?,Musique,musique,2026-09-19,"Beatles, Rolling Stones, David Bowie, Pink Floyd, The Clash, Kate Bush, Oasis, Amy Winehouse, Radiohead, Arctic Monkeys… La musique britannique a changé le monde. 20 questions pour le prouver.",true,false,data/quizzes/musique/musique-britannique.json
quiz-musique-italienne,Quiz Musique Italienne – Les chansons et artistes cultes,Musique,musique,2026-09-20,"Volare, Azzurro, Caruso, Bella ciao, Nessun dorma, Funiculì Funiculà… La musique italienne a marqué le monde sur plusieurs siècles. 20 questions pour tester vos connaissances.",true,false,data/quizzes/musique/musique-italienne.json
quiz-musique-queen,Quiz Queen – Êtes-vous vraiment incollable sur le groupe ?,Musique,musique,2026-09-17,"Bohemian Rhapsody, We Will Rock You, Radio Ga Ga, Under Pressure, I Want to Break Free… Queen laisse un répertoire immense et une histoire fascinante. 20 questions pour les vrais fans.",true,false,data/quizzes/musique/musique-queen.json
quiz-musique-rnb-90s-2000s,Quiz R&B années 90 et 2000 – Les tubes incontournables,Musique,musique,2026-09-22,"Les années 90-2000 ont produit des tubes R&B incontournables : balades soul, new jack swing, néo-soul, hip-hop soul… Ce quiz de 20 questions retrace l'âge d'or d'un genre qui a transformé la pop mondiale.",true,false,data/quizzes/musique/musique-rnb.json
quiz-musique-rap-francais,Quiz Rap français années 2000 – Connaissez-vous les classiques ?,Musique,musique,2026-09-23,"Les années 2000 ont forgé les classiques du rap français : de Lunatic à Diam's, de 113 à Kery James, de la Fonky Family à Sexion d'Assaut. 20 questions pour les vrais connaisseurs.",true,false,data/quizzes/musique/musique-rap-2000.json
quiz-musique-variete-francaise-2000s,Quiz Variété française années 2000 – Vous souvenez-vous de ces 20 tubes et artistes ?,Musique,musique,2026-09-27,"Émissions de télé-réalité musicale, nouvelles découvertes, tubes radios, slam, chanson française indie… Les années 2000 ont été riches en nouveautés. 20 questions pour tester vos souvenirs.",true,false,data/quizzes/musique/musique-variete-francaises-2000.json
quiz-nature-animaux-poles-froid-extreme,Quiz Nature - Animaux des pôles - Survivriez-vous au froid extrême ?,Nature,nature,,Teste tes connaissances sur les animaux des régions polaires et leurs adaptations.,true,true,data/quizzes/nature/nature-animaux-poles.json
quiz-nature-animaux-marins-secrets-oceans,Quiz Nature - Animaux marins - Plongez dans les secrets des océans,Nature,nature,,Teste tes connaissances sur les animaux marins et les mystères des océans.,true,true,data/quizzes/nature/nature-animaux-marins.json
quiz-nature-animaux-sauvages-niveau-facile-expert,Quiz Nature - Animaux sauvages - Testez vos connaissances niveau facile à expert,Nature,nature,,Du facile à expert : seuls les vrais passionnés feront un sans-faute.,true,true,data/quizzes/nature/nature-animaux-sauvage.json
quiz-nature-eau-ressources-naturelles-connaissances,Quiz Nature - Eau et ressources naturelles - 20 questions pour tout comprendre,Nature,nature,,"Teste tes connaissances sur l'eau, les ressources naturelles et leur préservation.",true,true,data/quizzes/nature/nature-eau.json
quiz-nature-empreinte-carbone-connaissances,Quiz Nature - Empreinte carbone - Comprendre son impact environnemental,Nature,nature,,Comprends l'empreinte carbone et ses impacts sur l'environnement à travers ce quiz éducatif et accessible.,true,false,data/quizzes/nature/nature-empreinte-carbonne.json
quiz-nature-energies-renouvelables-solaire-eolien,"Quiz Nature - Énergies renouvelables - Solaire, éolien… êtes-vous au point ?",Nature,nature,,Es-tu vraiment au niveau sur les énergies renouvelables ? 20 questions pour le prouver.,true,false,data/quizzes/nature/nature-energie-renouvellables.json
quiz-nature-especes-en-danger-animaux-menaces,Quiz Nature - Espèces en danger - Connaissez-vous les animaux menacés ?,Nature,nature,,Teste tes connaissances sur les animaux menacés et les espèces en danger.,true,true,data/quizzes/nature/nature-animaux-menaces.json
quiz-nature-fleurs-rares-du-monde,Quiz Nature - Fleurs rares - Les plantes les plus étonnantes du monde,Nature,nature,,"Découvre des fleurs rares, étonnantes et parfois menacées à travers le monde.",true,false,data/quizzes/nature/nature-plantes-rare.json
quiz-nature-forets-ecosystemes-defi-passionnes,Quiz Nature - Forêts et écosystèmes - Un défi pour les passionnés,Nature,nature,,Un quiz complet pour explorer les secrets des écosystèmes.,true,true,data/quizzes/nature/nature-foret.json
quiz-animaux-oceanie,Quiz Nature - Les Animaux d'Océanie,Nature,nature,2026-06-05,"Kangourous, koalas, ornithorynques, kiwis et autres espèces fascinantes : connais-tu vraiment la faune d'Océanie ?",true,true,data/quizzes/nature/nature-animaux-oceanie.json
quiz-animaux-arctique,Quiz Nature - Les Animaux de l'Arctique - 20 questions,Nature,nature,2026-06-25,Teste tes connaissances sur les animaux qui vivent dans les régions glacées de l'Arctique.,true,true,data/quizzes/nature/nature-animaux-arctique.json
quiz-animaux-disparus-recemment,Quiz Nature - Les Animaux Disparus Récemment,Nature,nature,2026-06-08,"Dodo, tigre de Tasmanie, pigeon migrateur ou dauphin du Yangtsé : connais-tu les espèces disparues au cours des derniers siècles ?",true,true,data/quizzes/nature/nature-animaux-disparu.json
quiz-animaux-plus-bruyants,Quiz Nature - Les Animaux les Plus Bruyants - 20 champions du vacarme,Nature,nature,2026-06-20,Découvre les animaux capables de produire les sons les plus impressionnants du règne animal.,true,true,data/quizzes/nature/nature-animaux-bruyants.json
quiz-animaux-plus-intelligents,Quiz Nature - Les Animaux Les Plus Intelligents - 20 questions,Nature,nature,2026-06-25,"Teste tes connaissances sur les animaux réputés pour leur intelligence, leur mémoire et leur capacité à résoudre des problèmes.",true,true,data/quizzes/nature/nature-animaux-intelligents.json
quiz-nature-animaux-les-plus-dangereux-du-monde,Quiz Nature - Les espèces les plus dangereuses du monde,Nature,nature,,Teste tes connaissances sur les animaux les plus dangereux et leurs risques.,true,true,data/quizzes/nature/nature-animaux-dangereux.json
quiz-faits-animaux-difficiles-a-croire,Quiz Nature - Les Faits sur les Animaux Difficiles à Croire - 20 questions étonnantes sur le monde animal,Nature,nature,2026-06-25,"Teste tes connaissances sur les comportements, capacités et particularités incroyables des animaux du monde entier.",true,true,data/quizzes/nature/nature-animaux-difficile-a-croire.json
quiz-phenomenes-naturels-marins,Quiz Nature - Les Phénomènes Naturels Marins - 20 merveilles et forces des océans,Nature,nature,2026-06-14,"Teste tes connaissances sur les phénomènes naturels qui façonnent les océans, les mers et les littoraux du monde.",true,true,data/quizzes/nature/nature-phenomene-marin.json
quiz-plantes-carnivores-impressionnantes,Quiz Nature - Les Plantes Carnivores les plus impressionnantes - 20 espèces fascinantes,Nature,nature,2026-06-17,"Teste tes connaissances sur les plantes carnivores, leurs pièges étonnants et leurs stratégies de survie.",true,true,data/quizzes/nature/nature-plantes-carnivores.json
quiz-plantes-climats-extremes,Quiz Nature - Les Plantes des Climats Extrêmes,Nature,nature,2026-06-11,"Déserts brûlants, toundras glacées, montagnes et milieux arides : connais-tu les plantes capables de survivre à l'extrême ?",true,true,data/quizzes/nature/nature-plantes-climat-extremes.json
quiz-nature-planete-terre-connaissances,Quiz Nature - Planète Terre - Un quiz complet pour tous les niveaux,Nature,nature,,"Teste tes connaissances sur la planète Terre, ses phénomènes naturels et ses écosystèmes.",true,false,data/quizzes/nature/nature-planete.json
quiz-plantes-medicinales-phytotherapie,Quiz Nature - Plantes médicinales - Testez vos connaissances naturelles,Nature,nature,,Teste tes connaissances sur les plantes médicinales et leurs usages traditionnels. Ce quiz ne constitue pas un conseil médical.,true,true,data/quizzes/nature/nature-plantes-medecinales.json
quiz-nature-plantes-sauvages-comestibles,Quiz Nature - Plantes sauvages comestibles - Apprendre à les reconnaître,Nature,nature,,Découvre quelles plantes sauvages sont comestibles et comment les reconnaître.,true,false,data/quizzes/nature/nature-plantes-sauvage.json
quiz-nature-plantes-toxiques-danger,Quiz Nature - Plantes toxiques - Saurez-vous éviter les dangers ?,Nature,nature,,Teste tes connaissances sur les plantes toxiques et les précautions à connaître.,true,true,data/quizzes/nature/nature-plantes-toxiques.json
quiz-nature-pollution-ce-quil-faut-savoir,Quiz Nature - Pollution - Ce que vous devez absolument savoir,Nature,nature,,"Pollution de l'air, plastique, déchets : sais-tu vraiment ce qui se cache derrière ?",true,false,data/quizzes/nature/nature-pollution.json
quiz-nature-requins-mythes-ou-realites,Quiz Nature - Que sais-tu vraiment sur les requins ?,Nature,nature,,"Démêle le vrai du faux sur les requins, leurs comportements et leur rôle dans les océans.",true,true,data/quizzes/nature/nature-requins.json
quiz-nature-rechauffement-climatique-connaissances,Quiz Nature - Réchauffement climatique - Testez vos connaissances actuelles,Nature,nature,,Teste tes connaissances sur le réchauffement climatique avec 20 questions actuelles.,true,false,data/quizzes/nature/nature-rechauffement-climatique.json
quiz-nature-saisons-plantes-qui-pousse-quand,Quiz Nature - Saisons et plantes : Qui pousse quand ?,Nature,nature,,"Découvre quelles plantes, fleurs, fruits et légumes poussent selon les saisons.",true,false,data/quizzes/nature/nature-saison-plantes.json
quiz-nature-animaux-les-plus-rapides,Quiz Nature - Vitesse animale - Qui est le plus rapide ?,Nature,nature,,Teste tes connaissances sur les animaux les plus rapides du monde.,true,true,data/quizzes/nature/nature-animaux-rapide.json
quiz-nature-animaux-immortels,Quiz Nature – Les animaux immortels... ou presque !,Nature,nature,2026-08-11,"Méduse immortelle, requin du Groenland vieux de 400 ans, palourde née sous la Chine des Ming, rat-taupe nu remarquablement résistant au cancer… Teste tes connaissances sur les animaux qui défient les lois du vieillissement.",true,false,data/quizzes/nature/nature-animaux-immortels.json
quiz-nature-science-logique-connaissances,Quiz Nature et science - Testez votre logique,Nature,nature,,Mets ta logique à l'épreuve avec des questions mêlant nature et science.,true,false,data/quizzes/nature/nature-sciences.json
quiz-sciences-decouvertes-scientifiques-majeures,Quiz Sciences - 20 découvertes scientifiques majeures,Sciences,sciences,,Explore les grandes découvertes scientifiques qui ont transformé notre compréhension du monde.,true,true,data/quizzes/sciences/sciences-inventions.json
quiz-sciences-bacteries-virus-connaissances,Quiz Sciences - Bactéries et virus - Ce quiz va révéler ton niveau en microbiologie,Sciences,sciences,,"Bactéries, virus, immunité : mets tes connaissances à l'épreuve avec ce quiz captivant.",true,true,data/quizzes/sciences/sciences-bacteries.json
quiz-sciences-cellules-bases-vie,Quiz Sciences - Cellules - Plonge au cœur du vivant,Sciences,sciences,,"Teste tes connaissances sur les cellules, leur structure, leur fonctionnement et leur rôle dans le vivant.",true,true,data/quizzes/sciences/sciences-cells.json
quiz-sciences-chaleur-temperature,Quiz Sciences - Chaleur et température - Révisez les concepts clés simplement,Sciences,sciences,,"Teste tes connaissances sur la chaleur, la température et les transferts thermiques.",true,true,data/quizzes/sciences/sciences-heat.json
quiz-sciences-chimie-connaissances-fondamentales,Quiz Sciences - Chimie - Testez vos connaissances fondamentales,Sciences,sciences,,Teste tes connaissances sur les notions essentielles de la chimie.,true,true,data/quizzes/sciences/sciences-chimie.json
quiz-sciences-constellations-reconnaitre,Quiz Sciences - Constellations - Saurez-vous les reconnaître ?,Sciences,sciences,,Découvre les constellations et apprends à les reconnaître grâce à ce quiz ludique sur le ciel nocturne et les étoiles.,true,true,data/quizzes/sciences/sciences-constellation.json
quiz-sciences-electricite-connaissances,Quiz Sciences - Électricité - Êtes-vous incollable sur les bases ?,Sciences,sciences,,"Quiz de 20 questions sur les bases de l'électricité : courant, tension, circuits et sécurité.",true,true,data/quizzes/sciences/sciences-electricite.json
quiz-sciences-experiences-etonnantes,Quiz Sciences - Expériences étonnantes - Saurez-vous expliquer ces phénomènes ?,Sciences,sciences,,Découvre des expériences scientifiques surprenantes et comprends les phénomènes qui les expliquent.,true,true,data/quizzes/sciences/sciences-experience.json
quiz-sciences-exploration-spatiale-missions,Quiz Sciences - Exploration spatiale - Connaissez-vous les missions ?,Sciences,sciences,,"De Spoutnik à Mars, mesure tes connaissances sur les grandes étapes de la conquête spatiale.",true,true,data/quizzes/sciences/sciences-conquetes.json
quiz-sciences-forces-mouvements-niveau-college,Quiz Sciences - Forces et mouvements - Niveau collège,Sciences,sciences,,Quiz éducatif sur les forces et mouvements avec 20 questions clés.,true,true,data/quizzes/sciences/sciences-college.json
quiz-sciences-fossiles-traces-passe,Quiz Sciences - Fossiles - Testez vos connaissances en paléontologie,Sciences,sciences,,Explore le monde des fossiles et découvre comment ils racontent l'histoire de la vie sur Terre.,true,true,data/quizzes/sciences/sciences-fossiles.json
quiz-sciences-genetique-facile,Quiz Sciences - Hérédité et ADN - Test complet pour débutants,Sciences,sciences,,Découvre les bases de la génétique avec un quiz simple et pédagogique.,true,true,data/quizzes/sciences/science-genetic.json
quiz-sciences-lune-secrets,Quiz Sciences - La Lune - Connaissez-vous ses secrets ?,Sciences,sciences,,"Teste tes connaissances sur la Lune, ses phases, ses cratères, ses éclipses, son origine et son rôle autour de la Terre.",true,true,data/quizzes/sciences/sciences-lune.json
quiz-decouvertes-archeologiques-majeures,Quiz Sciences - Les Découvertes Archéologiques Majeures - 20 trouvailles qui ont changé notre compréhension du passé,Sciences,sciences,2026-06-21,Teste tes connaissances sur les découvertes archéologiques les plus importantes de l'histoire.,true,true,data/quizzes/sciences/sciences-decouvertes-archeologique.json
quiz-decouvertes-scientifiques-bouleverse-certitudes,Quiz Sciences - Les Découvertes Scientifiques qui ont Bouleversé les Certitudes - 20 révolutions du savoir,Sciences,sciences,2026-06-18,Teste tes connaissances sur les découvertes scientifiques qui ont profondément changé notre vision du monde et de l'univers.,true,true,data/quizzes/sciences/sciences-decouvertes-biologie.json
quiz-experiences-medicales-historiques,Quiz Sciences - Les Expériences Médicales Historiques,Sciences,sciences,2026-06-12,"Vaccination, anesthésie, microbiologie et découvertes médicales : connais-tu les expériences qui ont marqué l'histoire de la médecine ?",true,true,data/quizzes/sciences/sciences-medical.json
quiz-mysteres-cerveau-humain,Quiz Sciences - Les Mystères du Cerveau Humain,Sciences,sciences,2026-06-09,"Conscience, mémoire, rêves, émotions et perception : explore les plus grandes énigmes du cerveau humain.",true,true,data/quizzes/sciences/sciences-mystere-cerveau.json
quiz-mysteres-non-resolus-science,Quiz Sciences - Les Mystères Non Résolus de la Science,Sciences,sciences,2026-06-06,"Matière noire, énergie noire, conscience, origine de la vie... connais-tu les plus grandes énigmes scientifiques ?",true,true,data/quizzes/sciences/sciences-mysteres.json
quiz-phenomenes-peu-de-gens-comprennent-sciences,Quiz Sciences - Les Phénomènes que Peu de Gens Comprennent - 20 questions sur les curiosités scientifiques,Sciences,sciences,2026-06-26,Teste tes connaissances sur des phénomènes scientifiques fascinants que peu de personnes comprennent réellement.,true,true,data/quizzes/sciences/sciences-phenomene-comprehension.json
quiz-technologies-semblaient-impossibles,Quiz Sciences - Les Technologies qui Semblaient Impossibles - 20 innovations devenues réalité,Sciences,sciences,2026-06-15,Teste tes connaissances sur les inventions et technologies qui relevaient autrefois de la science-fiction.,true,true,data/quizzes/sciences/sciences-techno-impossible.json
quiz-sciences-nutrition-alimentation,Quiz Sciences - Nutrition et alimentation - Les bases essentielles en 20 questions,Sciences,sciences,,Teste tes connaissances sur la nutrition et les bases d'une alimentation équilibrée.,true,true,data/quizzes/sciences/sciences-alimentation-nutrition.json
quiz-sciences-mars-planete-rouge-detail,Quiz Sciences - Partez à la découverte de Mars,Sciences,sciences,,"Explore Mars, la planète rouge, à travers ses paysages, son climat, ses lunes et les missions qui l'étudient.",true,true,data/quizzes/sciences/sciences-mars.json
quiz-sciences-physique-bases-essentielles,Quiz Sciences - Physique - Les bases essentielles à connaître,Sciences,sciences,,Teste tes connaissances sur les fondamentaux de la physique.,true,true,data/quizzes/sciences/sciences-bases.json
quiz-sciences-pieges-scientifiques-erreurs,Quiz Sciences - Pièges scientifiques - Saurez-vous éviter les erreurs ?,Sciences,sciences,,Déjoue les idées reçues et les pièges scientifiques les plus fréquents avec ce quiz de 20 questions.,true,true,data/quizzes/sciences/sciences-pieges.json
quiz-sciences-organes-reconnaitre,Quiz Sciences - Saurez-vous reconnaître les organes du corps humain ?,Sciences,sciences,,Teste tes connaissances sur les organes du corps humain et leurs fonctions essentielles.,true,true,data/quizzes/sciences/sciences-organes.json
quiz-sciences-systeme-solaire-connaissances,Quiz Sciences - Système solaire - Maîtrisez les bases en astronomie,Sciences,sciences,,"Explore le système solaire à travers 20 questions captivantes sur les planètes, le Soleil, la Lune et les objets célestes.",true,true,data/quizzes/sciences/sciences-solaire.json
quiz-sciences-soleil-etoile-fascinante,Quiz Sciences - Tout savoir sur le Soleil en 20 questions,Sciences,sciences,,"Découvre les secrets du Soleil, son énergie, sa lumière et son rôle essentiel pour la Terre.",true,true,data/quizzes/sciences/science-soleil.json
quiz-incollable-sur-black-mirror,Quiz Série TV - Black Mirror - Épisodes cultes et twists impossibles à oublier,Série TV,serie-tv,,"IA, dystopies, réseaux sociaux et réalités virtuelles : connais-tu vraiment Black Mirror ?",true,true,data/quizzes/serieTV/serie-bm.json
quiz-ultime-breaking-bad-niveau-difficile,Quiz Série TV - Breaking Bad - Niveau difficile,Série TV,serie-tv,,"Un quiz difficile pour tester tes connaissances sur Breaking Bad, ses personnages et ses moments cultes.",true,true,data/quizzes/serieTV/serie-breaking-bad.json
quiz-desperate-housewives,Quiz Série TV - Desperate Housewives - Secrets et drames à Wisteria Lane,Série TV,serie-tv,,"Revis les meilleurs moments de Desperate Housewives à travers 20 questions sur Susan, Bree, Gabrielle, Lynette et les secrets du quartier.",true,true,data/quizzes/serieTV/serie-desperate.json
quiz-dexter,Quiz Série TV - Dexter - Le célèbre tueur en série de Miami,Série TV,serie-tv,,"Entre enquêtes criminelles, double vie et secrets sanglants, ce quiz Dexter mettra tes connaissances à rude épreuve.",true,true,data/quizzes/serieTV/serie-dexter.json
quiz-dr-house,"Quiz Série TV - Dr House - Diagnostics, sarcasme et mystères médicaux",Série TV,serie-tv,,"Entre diagnostics impossibles, humour cynique et cas médicaux complexes, ce quiz Dr House mettra tes connaissances à l'épreuve.",true,true,data/quizzes/serieTV/serie-house.json
quiz-emily-in-paris,Quiz Série TV - Emily in Paris - La vie parisienne d'Emily Cooper,Série TV,serie-tv,,"Entre mode, romance, travail et choc culturel, ce quiz Emily in Paris mettra tes connaissances à l'épreuve.",true,true,data/quizzes/serieTV/serie-emily.json
quiz-erreurs-incoherences-series,Quiz Série TV - Erreurs et incohérences cultes,Série TV,serie-tv,,"Entre faux raccords, détails impossibles et incohérences devenues virales, ce quiz teste ton œil de vrai fan de séries TV.",true,true,data/quizzes/serieTV/serie-erreurs.json
quiz-es-tu-fan-de-lost,Quiz Série TV - Es-tu fan de Lost ?,Série TV,serie-tv,,"Un quiz difficile pour tester tes connaissances sur Lost, ses mystères, ses personnages et ses révélations cultes.",true,true,data/quizzes/serieTV/serie-lost.json
quiz-incollable-sur-the-big-bang-theory,Quiz Série TV - Es-tu imbattable sur The Big Bang Theory ?,Série TV,serie-tv,,"Un quiz difficile pour tester tes connaissances sur The Big Bang Theory, ses personnages et ses références cultes.",true,true,data/quizzes/serieTV/serie-big-bang-theory.json
quiz-euphoria,"Quiz Série TV - Euphoria - Adolescence, addictions et drames",Série TV,serie-tv,,"Entre relations toxiques, addictions, secrets et émotions intenses, ce quiz Euphoria mettra tes connaissances à l'épreuve.",true,true,data/quizzes/serieTV/serie-euphoria.json
quiz-friends-20-questions,Quiz Série TV - Friends - Test ultime pour les passionnés,Série TV,serie-tv,,"Teste tes connaissances sur Friends avec 20 questions sur les personnages, les épisodes et les moments cultes.",true,true,data/quizzes/serieTV/serie-friends.json
quiz-fans-de-greys-anatomy,Quiz Série TV - Grey's Anatomy - Meredith Grey te met au défi,Série TV,serie-tv,,Teste ta mémoire sur Grey's Anatomy à travers 20 questions difficiles et incontournables.,true,true,data/quizzes/serieTV/serie-grey.json
quiz-fans-de-house-of-the-dragon,Quiz Série TV - House of the Dragon - Es-tu un vrai fan des Targaryen ?,Série TV,serie-tv,,"Un quiz pour tester tes connaissances sur les personnages, les dragons et les rivalités de House of the Dragon.",true,true,data/quizzes/serieTV/serie-hod.json
quiz-connais-tu-how-i-met-your-mother,Quiz Série TV - How I Met Your Mother - Impossible d'avoir 20/20 sans être un vrai fan,Série TV,serie-tv,,"Un quiz difficile pour tester tes connaissances sur How I Met Your Mother, ses personnages et ses moments cultes.",true,true,data/quizzes/serieTV/serie-himym.json
quiz-casa-de-papel-incollable,Quiz Série TV - La Casa de Papel - Es-tu incollable sur la série ?,Série TV,serie-tv,,"Teste tes connaissances sur La Casa de Papel avec ce quiz sur les personnages, les braquages et les moments cultes.",true,true,data/quizzes/serieTV/serie-casa-de-papel.json
quiz-series-britanniques,Quiz Série TV - Le grand défi des séries britanniques,Série TV,serie-tv,,"Humour britannique, polars cultes, drames historiques et séries à succès internationales : ce quiz teste tes connaissances sur les séries britanniques.",true,true,data/quizzes/serieTV/serie-uk.json
quiz-the-simpsons,Quiz Série TV - Le grand défi pour les fans des Simpsons,Série TV,serie-tv,,Un quiz pour tester tes connaissances sur les personnages cultes et les moments mythiques des Simpsons.,true,true,data/quizzes/serieTV/serie-simpsons.json
quiz-series-francaises,Quiz Série TV - Le quiz TV 100% séries françaises,Série TV,serie-tv,,"Comédies cultes, polars, drames, séries Canal+, Netflix et grands classiques : ce quiz teste tes connaissances sur les séries françaises.",true,true,data/quizzes/serieTV/serie-fr.json
quiz-series-difficile-experts,Quiz Série TV - Le quiz ultime des experts séries TV,Série TV,serie-tv,,"Personnages secondaires, détails cultes, intrigues oubliées et références précises : ce quiz va mettre à l'épreuve les vrais experts des séries TV.",true,true,data/quizzes/serieTV/serie-expert.json
quiz-citations-series,Quiz Série TV - Les citations cultes,Série TV,serie-tv,,"Répliques mythiques, phrases devenues cultes et dialogues inoubliables : ce quiz teste ta mémoire des plus grandes séries TV.",true,true,data/quizzes/serieTV/serie-citation.json
quiz-couples-series-tv,Quiz Série TV - Les couples cultes des séries,Série TV,serie-tv,,"Romances inoubliables, couples toxiques, histoires impossibles ou relations devenues légendaires : ce quiz teste tes connaissances sur les couples les plus célèbres des séries TV.",true,true,data/quizzes/serieTV/serie-couple.json
quiz-fins-de-series,Quiz Série TV - Les fins de séries cultes,Série TV,serie-tv,,"Entre twists finaux, morts marquantes et révélations inattendues, ce quiz teste tes souvenirs des dernières scènes les plus cultes des séries TV.",true,true,data/quizzes/serieTV/serie-fin.json
quiz-series-dramatiques,Quiz Série TV - Les grands drames télévisés,Série TV,serie-tv,,"Relations familiales, émotions fortes, trahisons et destins bouleversants : ce quiz teste tes connaissances sur les grandes séries dramatiques.",true,true,data/quizzes/serieTV/serie-dramatiques.json
quiz-series-oubliees-annees-90,Quiz Série TV - Les incontournables des années 90,Série TV,serie-tv,,"Entre sitcoms cultes, génériques mémorables et séries passées sous les radars, ce quiz teste tes souvenirs télé des années 90.",true,false,data/quizzes/serieTV/serie-annees-90.json
quiz-series-sport,Quiz Série TV - Les meilleures séries sur le sport,Série TV,serie-tv,,"Football, basketball, tennis, Formule 1, boxe, catch et grands coachs : ce quiz teste tes connaissances sur les séries sportives cultes.",true,true,data/quizzes/serieTV/serie-sport.json
les-personnages-cultes-des-series-quebecoises,Quiz Série TV - Les Personnages Cultes des Séries Québécoises,Série TV,serie-tv,2026-07-12,"Popa, Moman, Pierre Lambert, Mado, Shandy... Sauras-tu reconnaître les personnages iconiques qui ont fait la légende des séries québécoises ?",true,false,data/quizzes/serieTV/serie-personnage-canada.json
quiz-series-policieres,Quiz Série TV - Les plus grandes séries policières,Série TV,serie-tv,,"Enquêtes, détectives, tueurs en série, interrogatoires et affaires criminelles : ce quiz teste tes connaissances sur les plus grandes séries policières.",true,true,data/quizzes/serieTV/serie-police.json
quiz-series-science-fiction,Quiz Série TV - Les plus grands univers de science-fiction,Série TV,serie-tv,,"Voyages temporels, mondes futuristes, intelligences artificielles et univers parallèles : ce quiz teste tes connaissances sur les plus grandes séries de science-fiction.",true,true,data/quizzes/serieTV/serie-sci-fi.json
quiz-series-adaptees-de-livres,Quiz Série TV - Les séries adaptées de livres,Série TV,serie-tv,,"Romans cultes, best-sellers, fantasy, thrillers et classiques littéraires : ce quiz teste tes connaissances sur les séries adaptées de livres.",true,true,data/quizzes/serieTV/serie-inspire-livre.json
les-series-belges,Quiz Série TV - Les Séries Belges,Série TV,serie-tv,2026-07-12,"La Trêve, Undercover, Flikken, Thuis, Ennemi public... Sauras-tu reconnaître les séries qui ont fait rayonner la Belgique à la télévision mondiale ?",true,false,data/quizzes/serieTV/serie-belges.json
quiz-series-annees-80,Quiz Série TV - Les séries cultes des années 80,Série TV,serie-tv,,"Entre génériques mythiques, héros emblématiques et séries devenues cultes, ce quiz replonge dans la télévision des années 80.",true,true,data/quizzes/serieTV/serie-annees-80.json
quiz-series-action,Quiz Série TV - Les séries d'action les plus intenses,Série TV,serie-tv,,"Explosions, missions secrètes, combats et héros légendaires : ce quiz teste tes connaissances sur les meilleures séries d'action.",true,true,data/quizzes/serieTV/serie-action.json
quiz-series-super-heros,Quiz Série TV - Les séries de super-héros,Série TV,serie-tv,,"Marvel, DC, justiciers masqués, pouvoirs incroyables et équipes légendaires : ce quiz teste tes connaissances sur les grandes séries de super-héros.",true,true,data/quizzes/serieTV/serie-super-heros.json
quiz-series-annees-2000,Quiz Série TV - Les séries des années 2000,Série TV,serie-tv,,"Des sitcoms cultes aux séries dramatiques devenues légendaires, ce quiz replonge dans les plus grandes séries des années 2000.",true,true,data/quizzes/serieTV/serie-annes-2000.json
quiz-series-annees-2010,Quiz Série TV - Les séries des années 2010,Série TV,serie-tv,,"Des phénomènes du streaming aux séries devenues cultes, ce quiz replonge dans les plus grandes séries des années 2010.",true,true,data/quizzes/serieTV/serie-annees-2010.json
quiz-series-historiques,Quiz Série TV - Les séries historiques incontournables,Série TV,serie-tv,,"Rois, guerres, empires, révolutions et personnages historiques : ce quiz teste tes connaissances sur les plus grandes séries historiques.",true,true,data/quizzes/serieTV/serie-histoire.json
quiz-series-seconde-guerre-mondiale,Quiz Série TV - Les Séries Historiques sur la Seconde Guerre mondiale - 20 productions marquantes,Série TV,serie-tv,2026-06-15,Teste tes connaissances sur les séries et mini-séries inspirées de la Seconde Guerre mondiale.,true,true,data/quizzes/serieTV/serie-seconde-guerre-mondiale.json
quiz-series-faits-reels,Quiz Série TV - Les séries inspirées de faits réels,Série TV,serie-tv,,"Crimes célèbres, scandales politiques, arnaques et histoires vraies incroyables : ce quiz teste tes connaissances sur les séries inspirées de faits réels.",true,true,data/quizzes/serieTV/serie-faits-reels.json
quiz-series-judiciaires,Quiz Série TV - Les séries judiciaires cultes,Série TV,serie-tv,,"Procès, avocats brillants, enquêtes et stratégies de défense : ce quiz teste tes connaissances sur les grandes séries judiciaires.",true,true,data/quizzes/serieTV/serie-judiciaires.json
quiz-series-les-plus-longues,Quiz Série TV - Les séries les plus longues,Série TV,serie-tv,,"Des sitcoms cultes aux séries policières interminables, ce quiz teste tes connaissances sur les séries TV qui ont duré le plus longtemps.",true,true,data/quizzes/serieTV/serie-longues.json
quiz-series-plus-recompensees,Quiz Série TV - Les séries les plus récompensées,Série TV,serie-tv,,"Emmy Awards, Golden Globes, séries cultes et records historiques : ce quiz teste tes connaissances sur les séries les plus récompensées de la télévision.",true,true,data/quizzes/serieTV/serie-recompenses.json
quiz-series-medicales,Quiz Série TV - Les séries médicales,Série TV,serie-tv,,"Urgences, diagnostics impossibles, chirurgiens brillants et drames hospitaliers : ce quiz teste tes connaissances sur les grandes séries médicales.",true,true,data/quizzes/serieTV/serie-medicales.json
quiz-series-politiques,Quiz Série TV - Les séries politiques,Série TV,serie-tv,,"Présidents ambitieux, scandales d'État, manipulations, campagnes électorales et luttes de pouvoir : ce quiz teste tes connaissances sur les grandes séries politiques.",true,true,data/quizzes/serieTV/serie-politiques.json
quiz-series-post-apocalyptiques,Quiz Série TV - Les séries post-apocalyptiques,Série TV,serie-tv,,"Pandémies, zombies, mondes détruits, survie et sociétés effondrées : ce quiz teste tes connaissances sur les grandes séries post-apocalyptiques.",true,true,data/quizzes/serieTV/serie-apocalypse.json
quiz-series-les-plus-vues,Quiz Série TV - Les séries que tout le monde a regardées,Série TV,serie-tv,,"Des records d'audience historiques aux phénomènes du streaming, ce quiz teste tes connaissances sur les séries les plus regardées au monde.",true,true,data/quizzes/serieTV/serie-les-plus-vue.json
les-series-quebecoises-les-plus-populaires,Quiz Série TV - Les Séries Québécoises les Plus Populaires,Série TV,serie-tv,2026-07-12,"La P'tite Vie, District 31, Lance et Compte, Omertà... Sauras-tu reconnaître les séries qui ont marqué la télévision québécoise ?",true,false,data/quizzes/serieTV/serie-canadiennes.json
quiz-series-comiques,Quiz Série TV - Les sitcoms et comédies cultes,Série TV,serie-tv,,"Sitcoms légendaires, personnages absurdes, running gags et scènes hilarantes : ce quiz teste tes connaissances sur les séries comiques les plus cultes.",true,true,data/quizzes/serieTV/serie-comique.json
quiz-series-ados,Quiz Série TV - Les teen dramas les plus emblématiques,Série TV,serie-tv,,"Des lycées américains aux drames romantiques, ce quiz teste tes connaissances sur les séries ados les plus cultes.",true,true,data/quizzes/serieTV/serie-ado.json
quiz-series-thriller,Quiz Série TV - Les thrillers les plus addictifs de la télévision,Série TV,serie-tv,,"Enquêtes, manipulations, tueurs en série et suspense permanent : ce quiz teste tes connaissances sur les meilleures séries thriller.",true,true,data/quizzes/serieTV/serie-thriller.json
quiz-series-fantastiques,Quiz Série TV - Les univers fantastiques les plus célèbres,Série TV,serie-tv,,"Pouvoirs surnaturels, monstres, magie et mondes mystérieux : ce quiz teste tes connaissances sur les meilleures séries fantastiques.",true,true,data/quizzes/serieTV/serie-fantastique.json
quiz-modern-family,Quiz Série TV - Modern Family - Une famille pas comme les autres,Série TV,serie-tv,,"Entre humour, relations familiales et situations improbables, ce quiz Modern Family mettra tes connaissances à l'épreuve.",true,true,data/quizzes/serieTV/serie-modern.json
quiz-incollable-sur-narcos,Quiz Série TV - Narcos - Ce quiz va te mettre à l'épreuve,Série TV,serie-tv,,"Un quiz ultime sur Narcos pour les fans des cartels, des opérations secrètes et des épisodes cultes.",true,true,data/quizzes/serieTV/serie-narcos.json
quiz-connais-tu-ozark,Quiz Série TV - Ozark - Teste tes connaissances sur les Byrde et le cartel,Série TV,serie-tv,,Es-tu capable de reconnaître les scènes marquantes et les détails cachés de Ozark ?,true,true,data/quizzes/serieTV/serie-ozark.json
quiz-peaky-blinders-fans,Quiz Série TV - Peaky Blinders - Connaissez-vous vraiment les Shelby ?,Série TV,serie-tv,,Défie-toi avec ce quiz sur l'univers de Peaky Blinders.,true,true,data/quizzes/serieTV/serie-peaky.json
quiz-prison-break,"Quiz Série TV - Prison Break - Michael, Lincoln, T-Bag… les connais-tu tous ?",Série TV,serie-tv,,Revivez les meilleurs moments de Prison Break avec ce quiz consacré à Fox River et aux célèbres fugitifs.,true,true,data/quizzes/serieTV/serie-prison-break.json
quiz-reconnais-les-personnages-de-game-of-thrones,Quiz Série TV - Reconnais les personnages de Game of Thrones,Série TV,serie-tv,,Un quiz pour tester ta mémoire sur les personnages les plus cultes de Game of Thrones.,true,true,data/quizzes/serieTV/serie-got.json
quiz-squid-game,Quiz Série TV - Squid Game - Es-tu un vrai fan de la série phénomène ?,Série TV,serie-tv,,"Entre suspense, stratégie et survie, ce quiz Squid Game mettra à l'épreuve tous les vrais fans de la série.",true,true,data/quizzes/serieTV/serie-squid-game.json
quiz-serie-tv-stranger-things,Quiz Série TV - Stranger Things - Connais-tu vraiment la série culte ?,Série TV,serie-tv,,"Teste ta mémoire sur Stranger Things, ses personnages, ses monstres et les mystères de Hawkins.",true,true,data/quizzes/serieTV/serie-stranger-things.json
quiz-suits,"Quiz Série TV - Suits - Avocats, affaires et secrets",Série TV,serie-tv,,"Entre procès, stratégies juridiques, rivalités et mensonges, ce quiz Suits mettra tes connaissances à l'épreuve.",true,true,data/quizzes/serieTV/serie-suits.json
quiz-connais-tu-the-last-of-us-serie,Quiz Série TV - The Last of Us - Connais-tu vraiment Joel et Ellie ?,Série TV,serie-tv,,"Joel, Ellie, les Infectés, les Lucioles… connais-tu vraiment tous les secrets de The Last of Us ?",true,true,data/quizzes/serieTV/serie-the-last-of-us.json
quiz-connais-tu-vraiment-the-office,Quiz Série TV - The Office - Seuls les fans légendaires réussiront,Série TV,serie-tv,,"Es-tu capable de reconnaître les références, running gags et épisodes mythiques de The Office ?",true,true,data/quizzes/serieTV/serie-the-office.json
quiz-the-walking-dead-connaissances,Quiz Série TV - The Walking Dead - Testez votre instinct de survivant,Série TV,serie-tv,,"Teste tes connaissances sur The Walking Dead avec 20 questions sur les personnages, les groupes et les moments cultes.",true,true,data/quizzes/serieTV/serie-walking-dead.json
quiz-incollable-sur-the-witcher,Quiz Série TV - The Witcher - Fais-tu partie des meilleurs fans ?,Série TV,serie-tv,,"Un quiz pour tester tes connaissances sur The Witcher, ses monstres, ses royaumes et ses personnages cultes.",true,true,data/quizzes/serieTV/serie-witcher.json
quiz-true-detective,Quiz Série TV - True Detective - Les enquêtes les plus sombres de HBO,Série TV,serie-tv,,"Entre crimes complexes, suspense et psychologie, ce quiz True Detective mettra tes connaissances à l'épreuve.",true,true,data/quizzes/serieTV/serie-true-detective.json
quiz-serie-vikings,Quiz Série TV - Vikings - Seuls les vrais fans auront 20/20,Série TV,serie-tv,,"Connais-tu vraiment Ragnar, Lagertha et Bjorn ?",true,true,data/quizzes/serieTV/serie-viking.json
quiz-connais-tu-wednesday-niveau-expert,"Quiz Série TV - Wednesday - Mystères, monstres et références cultes",Série TV,serie-tv,,Un défi spécial fans de Wednesday avec des questions sur les Outcasts et les mystères de Jericho.,true,true,data/quizzes/serieTV/serie-mercredi.json
quiz-familles-celebres-series-tv,Quiz Séries TV - Les Familles les Plus Célèbres,Série TV,serie-tv,2026-06-06,"Des Simpson aux Shelby, en passant par les Stark et les Roy : connais-tu les familles qui ont marqué les séries TV ?",true,true,data/quizzes/serieTV/serie-tv-famille.json
quiz-medecins-celebres-series-tv,Quiz Séries TV - Les Médecins Célèbres des Séries - 20 personnages inoubliables,Série TV,serie-tv,2026-06-21,Teste tes connaissances sur les médecins les plus célèbres de l'histoire des séries télévisées.,true,true,data/quizzes/serieTV/serie-medecins-celebres.json
quiz-personnages-que-tout-le-monde-deteste-series-tv,Quiz Séries TV - Les Personnages que Tout le Monde Déteste,Série TV,serie-tv,2026-06-27,"Teste tes connaissances sur les personnages de séries TV qui ont suscité la colère, la frustration ou la haine des téléspectateurs.",true,true,data/quizzes/serieTV/serie-personnage-deteste.json
quiz-series-adaptees-jeux-video,Quiz Séries TV - Les Séries Adaptées de Jeux Vidéo,Série TV,serie-tv,2026-06-12,"The Last of Us, Fallout, Arcane ou Halo : connais-tu les séries inspirées de l'univers du jeu vidéo ?",true,true,data/quizzes/serieTV/serie-jeux-videos.json
quiz-series-change-television,Quiz Séries TV - Les Séries qui ont changé la télévision - 20 œuvres révolutionnaires,Série TV,serie-tv,2026-06-18,Teste tes connaissances sur les séries qui ont transformé la télévision et marqué l'histoire du petit écran.,true,true,data/quizzes/serieTV/serie-changer-tv.json
quiz-series-tv-quel-personnage-joue-cet-acteur,Quiz Séries TV - Quel personnage joue cet acteur ?,Série TV,serie-tv,2026-06-09,"Acteurs cultes, rôles iconiques et séries incontournables : sauras-tu retrouver le bon personnage ?",true,true,data/quizzes/serieTV/serie-acteur-personnage.json
quiz-sport-ac-milan,Quiz Sport - AC Milan – Les Rossoneri et leurs plus grands exploits,Sport,sport,2026-08-03,"Sacchi, le trio hollandais, 4-0 contre Barcelone, Istanbul 2005, Kaká, Shevchenko, Maldini, Baresi… Sauras-tu tout sur les Rossoneri, sept fois champions d'Europe et l'une des équipes les plus mythiques du football mondial ?",true,false,data/quizzes/sport/sport-ac-milan.json
quiz-allemagne-connais-tu-la-mannschaft,Quiz Sport - Allemagne - Connais-tu la Mannschaft ?,Sport,sport,2026-07-16,"Miracle de Berne, Beckenbauer, Klose, le Mineirazo, Euro 1996... Sauras-tu retracer toute l'histoire de la Mannschaft, la nation la plus régulière du football mondial ?",true,false,data/quizzes/sport/sport-allemagne.json
quiz-angleterre-connais-tu-les-three-lions,Quiz Sport - Angleterre - Connais-tu les Three Lions ?,Sport,sport,2026-07-16,"1966, Gascoigne, Beckham, Southgate, Kane... Sauras-tu retracer toute l'histoire des Three Lions, la nation qui a inventé le football moderne ?",true,false,data/quizzes/sport/sport-angleterre.json
quiz-antoine-griezmann-parcours-champion-du-monde,Quiz Sport - Antoine Griezmann - Connais-tu le parcours du champion du monde ?,Sport,sport,2026-07-15,"Mâcon, Real Sociedad, Atlético Madrid, Euro 2016, Mondial 2018... Sauras-tu retracer toute la carrière de Grizi, le Petit Prince des Bleus ?",true,false,data/quizzes/sport/sport-griezmann.json
quiz-argentine-connais-tu-lalbiceleste,Quiz Sport - Argentine - Connais-tu l'Albiceleste ?,Sport,sport,2026-07-16,"Maradona, Messi, 1978, 1986, 2022, le Maracanazo... Sauras-tu retracer toute l'histoire de l'Albiceleste, troisième nation la plus titrée de l'histoire du football mondial ?",true,false,data/quizzes/sport/sport-argentine.json
quiz-sport-arsenal-fc,"Quiz Sport - Arsenal – Histoire, Invincibles et légendes",Sport,sport,2026-07-27,"Wenger, les Invincibles, Highbury, Henry, Bergkamp, Tony Adams, la finale de Paris 2006… Sauras-tu tout sur l'histoire des Gunners, l'un des clubs les plus titrés et les plus mythiques d'Angleterre ?",true,false,data/quizzes/sport/sport-arsenal.json
quiz-sport-as-roma,Quiz Sport - AS Roma – Le club éternel de la capitale italienne,Sport,sport,2026-08-05,"La louve, Totti, Falcão, la finale 1984 jouée à domicile contre Liverpool, Batistuta, Mourinho et la Conference League… Sauras-tu tout sur l'AS Roma, l'âme giallorossa de la ville éternelle ?",true,false,data/quizzes/sport/sport-as-roma.json
quiz-sport-bayern-munich,Quiz Sport - Bayern Munich – Le géant du football allemand,Sport,sport,2026-07-31,"Beckenbauer, Gerd Müller, Oliver Kahn, Robben, Ribéry, Lewandowski, Müller, Coman… 32 Bundesliga, 6 Ligues des Champions, la sextuple 2020… Connais-tu vraiment le géant bavarois ?",true,false,data/quizzes/sport/sport-bayern.json
quiz-sport-borussia-dortmund,Quiz Sport - Borussia Dortmund – Le Mur Jaune et ses légendes,Sport,sport,2026-08-01,"Signal Iduna Park, le Mur Jaune, Klopp, Haaland, Bellingham, Lars Ricken, le 4-1 contre Madrid… Sauras-tu tout sur BVB, le club le plus passionné et le plus vibrant du football allemand ?",true,false,data/quizzes/sport/sport-dortmund.json
quiz-sport-champions-monde-poids-lourds-boxe,Quiz Sport - Boxe - Connais-tu les champions du monde poids lourds ?,Sport,sport,,Teste tes connaissances sur les champions du monde poids lourds en boxe avec 20 questions.,true,true,data/quizzes/sport/sport-vainqueurs-bose.json
quiz-sport-champions-olympiques-boxe,Quiz Sport - Boxe - Connais-tu les champions olympiques ?,Sport,sport,,Teste tes connaissances sur les champions olympiques de boxe avec 20 questions.,true,true,data/quizzes/sport/sport-bose-jo.json
quiz-sport-ko-plus-rapides-histoire-boxe,Quiz Sport - Boxe - Connais-tu les KO les plus rapides de l'histoire ?,Sport,sport,,Teste tes connaissances sur les KO les plus rapides et les combats les plus expéditifs de l'histoire de la boxe avec 20 questions.,true,true,data/quizzes/sport/sport-boxe-ko.json
quiz-bresil-connais-tu-la-selecao,Quiz Sport - Brésil - Connais-tu la Seleção ?,Sport,sport,2026-07-16,"Pelé, Garrincha, Ronaldo, le Maracanazo, le Mineirazo... Sauras-tu retracer toute l'histoire de la Seleção brésilienne, la nation la plus titrée du football mondial ?",true,false,data/quizzes/sport/sport-equipe-bresil.json
quiz-sport-sportifs-ayant-change-de-sport-avec-succes,Quiz Sport - Ces champions ont changé de sport… les connais-tu ?,Sport,sport,,Teste tes connaissances sur les sportifs qui ont réussi à changer de discipline avec 20 questions.,true,true,data/quizzes/sport/sport-sportifs-change-sport.json
quiz-sport-sportifs-devenus-acteurs,Quiz Sport - Ces sportifs sont aussi devenus acteurs… les connais-tu ?,Sport,sport,,Teste tes connaissances sur les champions et anciens sportifs qui ont aussi mené une carrière au cinéma ou à la télévision avec ce quiz de 20 questions.,true,true,data/quizzes/sport/sportifs-devenu-acteur.json
quiz-sport-champions-olympiques-natation-hommes,Quiz Sport - Champions olympiques de natation - Hommes,Sport,sport,,Teste tes connaissances sur les champions olympiques masculins en natation avec ce quiz de 20 questions.,true,false,data/quizzes/sport/sport-natation-hommes.json
quiz-sport-chelsea-fc,Quiz Sport - Chelsea FC – Des Blues aux multiples titres européens,Sport,sport,2026-07-28,"Abramovich, Mourinho, Drogba, Lampard, la nuit de Munich 2012, Havertz à Porto 2021… Sauras-tu tout sur l'histoire des Blues, l'un des clubs les plus prolifiques en titres européens depuis les années 2000 ?",true,false,data/quizzes/sport/sport-chelsea.json
quiz-sport-nationalites-des-grands-champions,Quiz Sport - Connais-tu la nationalité de ces grands champions ?,Sport,sport,,Teste tes connaissances sur la nationalité des plus grands champions du sport avec 20 questions.,true,true,data/quizzes/sport/sport-nationalite-sportifs.json
quiz-sport-vainqueurs-finales-nba,Quiz Sport - Connais-tu les champions des Finales NBA ?,Sport,sport,,Teste tes connaissances sur les équipes et joueurs qui ont marqué les Finales NBA avec ce quiz de 20 questions.,true,true,data/quizzes/sport/sport-nba.json
quiz-sport-surnoms-celebres-athletes,Quiz Sport - Connais-tu les surnoms des plus grands athlètes ?,Sport,sport,,Teste tes connaissances sur les surnoms mythiques des champions avec ce quiz de 20 questions.,true,true,data/quizzes/sport/sport-surnom-athlete.json
quiz-sport-transferts-plus-chers-histoire-football,Quiz Sport - Connais-tu les transferts les plus chers de l'histoire du football ?,Sport,sport,,Teste tes connaissances sur les transferts les plus chers de l'histoire du football avec 20 questions pointues.,true,true,data/quizzes/sport/sport-transferts.json
connais-tu-vraiment-le-parcours-des-bleus-en-2018,Quiz Sport - Connais-tu Vraiment le Parcours des Bleus en 2018 ?,Sport,sport,2026-07-13,"Groupe C, Mbappé, Umtiti, Pavard... Sauras-tu retracer chaque étape du sacre de l'équipe de France lors de la Coupe du Monde 2018 en Russie ?",true,false,data/quizzes/sport/sport-france-2018.json
quiz-sport-joueurs-ayant-marque-en-finale-coupe-du-monde,Quiz Sport - Coupe du Monde - Connais-tu les buteurs des finales ?,Sport,sport,,Teste tes connaissances sur les joueurs ayant marqué en finale de Coupe du Monde avec 20 questions.,true,true,data/quizzes/sport/sport-buteurs-coupe-du-monde.json
quiz-sport-meilleurs-buteurs-histoire-coupe-du-monde,Quiz Sport - Coupe du Monde - Connais-tu les meilleurs buteurs de l'histoire ?,Sport,sport,,Teste tes connaissances sur les plus grands buteurs de l'histoire de la Coupe du Monde avec 20 questions exigeantes.,true,true,data/quizzes/sport/sport-meilleur-buteur.json
quiz-sport-penalties-rates-celebres-coupe-du-monde,Quiz Sport - Coupe du Monde - Connais-tu les penalties ratés les plus célèbres ?,Sport,sport,,Teste tes connaissances sur les penalties ratés les plus marquants de l'histoire de la Coupe du Monde.,true,true,data/quizzes/sport/sport-penalty-rates.json
quiz-coupe-du-monde-1930,Quiz Sport - Coupe du Monde 1930 - Connais-tu le premier Mondial de l'histoire ?,Sport,sport,2026-07-17,"Uruguay, Lucien Laurent, Stábile, Jules Rimet... Sauras-tu retracer toute l'histoire de la première Coupe du Monde de football, disputée en Uruguay en 1930 ?",true,false,data/quizzes/sport/sport-coupe-du-monde-1930.json
quiz-coupe-du-monde-1938,Quiz Sport - Coupe du Monde 1938 - Un Mondial sous l'ombre de la Guerre,Sport,sport,2026-07-17,"Italie double championne, Leônidas, Anschluss, Cuba en quarts... Sauras-tu retracer toute l'histoire de la Coupe du Monde 1938 disputée en France sous l'ombre de la guerre ?",true,false,data/quizzes/sport/sport-coupe-du-monde-1938.json
quiz-coupe-du-monde-1950,Quiz Sport - Coupe du Monde 1950 - Connais-tu le Maracanazo ?,Sport,sport,2026-07-17,"Le Maracanazo, Ghiggia, Ademir, le maillot blanc, l'Angleterre humiliée... Sauras-tu retracer toute l'histoire de la Coupe du Monde 1950, l'édition la plus dramatique de l'histoire ?",true,false,data/quizzes/sport/sport-coupe-du-monde-1950.json
quiz-coupe-du-monde-1954,Quiz Sport - Coupe du Monde 1954 - le Miracle de Berne,Sport,sport,2026-07-17,"Miracle de Berne, Arany Csapat, Kocsis, Bataille de Berne, crampons d'Adidas... Sauras-tu retracer toute l'histoire de la Coupe du Monde 1954 en Suisse ?",true,false,data/quizzes/sport/sport-coupe-du-monde-1954.json
quiz-coupe-du-monde-1958,Quiz Sport - Coupe du Monde 1958 - Connais-tu le premier sacre brésilien ?,Sport,sport,2026-07-17,"Pelé à 17 ans, Fontaine et ses 13 buts, Garrincha, le 5-2 en finale... Sauras-tu retracer toute l'histoire de la Coupe du Monde 1958, celle où le Brésil entra dans la légende ?",true,false,data/quizzes/sport/sport-coupe-du-monde-1958.json
quiz-coupe-du-monde-1962,Quiz Sport - Coupe du Monde 1962 - Le chef-d'œuvre de Garrincha,Sport,sport,2026-07-17,"Garrincha, la Bataille de Santiago, Pelé blessé, Amarildo... Sauras-tu retracer toute l'histoire de la Coupe du Monde 1962, celle où le Brésil confirma sa domination mondiale ?",true,false,data/quizzes/sport/sport-coupe-du-monde-1962.json
quiz-coupe-du-monde-1966,Quiz Sport - Coupe du Monde 1966 - Connais-tu vraiment cette édition mythique ?,Sport,sport,2026-07-17,"Hurst, Moore, Pickles, Eusébio, la Corée du Nord... Sauras-tu retracer toute l'histoire de la Coupe du Monde 1966, celle du seul titre mondial de l'Angleterre ?",true,false,data/quizzes/sport/sport-coupe-du-monde-1966.json
quiz-coupe-du-monde-1970,Quiz Sport - Coupe du Monde 1970 - Saurez-vous retrouver tous les moments cultes ?,Sport,sport,2026-07-18,"Pelé, Jairzinho, Carlos Alberto, l'arrêt du siècle, le Match du Siècle... Sauras-tu retracer toute l'histoire de la Coupe du Monde 1970, unanimement élue parmi les plus belles de l'histoire ?",true,false,data/quizzes/sport/sport-coupe-du-monde-1970.json
quiz-coupe-du-monde-1974,Quiz Sport - Coupe du Monde 1974 - Connais-tu le Mondial du Football Total ?,Sport,sport,2026-07-18,"Cruyff, Football Total, RDA-RFA, le nouveau trophée... Sauras-tu retracer toute l'histoire de la Coupe du Monde 1974 en Allemagne de l'Ouest ?",true,false,data/quizzes/sport/sport-coupe-du-monde-1974.json
quiz-coupe-du-monde-1978,Quiz Sport - Coupe du Monde 1978 - Un défi réservé aux connaisseurs du football,Sport,sport,2026-07-18,"Kempes, Menotti, Maradona exclu, la Tunisie, le poteau de Rensenbrink... Sauras-tu retracer toute l'histoire de la Coupe du Monde 1978 en Argentine ?",true,false,data/quizzes/sport/sport-coupe-du-monde-1978.json
quiz-coupe-du-monde-1982,Quiz Sport - Coupe du Monde 1982 - 20 questions sur un tournoi entré dans l'histoire,Sport,sport,2026-07-18,"Paolo Rossi, la Disgrâce de Gijón, Schumacher, la nuit de Séville, l'Algérie... Sauras-tu retracer toute l'histoire de la Coupe du Monde 1982 en Espagne ?",true,false,data/quizzes/sport/sport-coupe-du-monde-1982.json
quiz-coupe-du-monde-1986,Quiz Sport - Coupe du Monde 1986 - Connaissez-vous tous les héros de cette édition ?,Sport,sport,2026-07-18,"Main de Dieu, but du siècle, Lineker, Burruchaga... Sauras-tu retracer toute l'histoire de la Coupe du Monde 1986 au Mexique, dominée de la tête et des pieds par Diego Maradona ?",true,false,data/quizzes/sport/sport-coupe-du-monde-1986.json
quiz-coupe-du-monde-1990,Quiz Sport - Coupe du Monde 1990 - Saurez-vous retrouver tous les temps forts ?,Sport,sport,2026-07-18,"Schillaci, Milla, Gazza, Brehme, la nuit de Naples... Sauras-tu retracer toute l'histoire de la Coupe du Monde 1990, l'édition défensive mais passionnante de l'Italie ?",true,false,data/quizzes/sport/sport-coupe-du-monde-1990.json
quiz-coupe-du-monde-1994,Quiz Sport - Coupe du Monde 1994 - 20 questions sur un tournoi inoubliable,Sport,sport,2026-07-18,"Baggio, Romário, Maradona, Stoichkov, Escobar... Sauras-tu retracer toute l'histoire de la Coupe du Monde 1994, le premier Mondial américain remporté par le Brésil ?",true,false,data/quizzes/sport/sport-coupe-du-monde-1994.json
quiz-coupe-du-monde-2002,Quiz Sport - Coupe du Monde 2002 - Jusqu'où vous mèneront vos souvenirs de ce Mondial ?,Sport,sport,2026-07-18,"Ronaldo, Kahn, la Corée du Sud en demi-finales, la France sans un but... Sauras-tu retracer toute l'histoire de la Coupe du Monde 2002, le premier Mondial asiatique ?",true,false,data/quizzes/sport/sport-coupe-du-monde-2002.json
quiz-coupe-du-monde-2006,Quiz Sport - Coupe du Monde 2006 - Le Mondial des émotions et des destins croisés,Sport,sport,2026-07-18,"Zidane, Materazzi, Klose, Grosso, le Sommermärchen... Sauras-tu retracer toute l'histoire de la Coupe du Monde 2006 en Allemagne, remportée par l'Italie ?",true,false,data/quizzes/sport/sport-coupe-du-monde-2006.json
quiz-coupe-du-monde-2010,Quiz Sport - Coupe du Monde 2010 - 20 questions sur le Mondial d'Afrique du Sud,Sport,sport,2026-07-19,"Vuvuzela, Paul la pieuvre, Iniesta, Suárez... Sauras-tu retracer toute l'histoire de la Coupe du Monde 2010, le premier Mondial africain remporté par l'Espagne ?",true,false,data/quizzes/sport/sport-coupe-du-monde-2010.json
quiz-coupe-du-monde-2014,Quiz Sport - Coupe du Monde 2014 - Revivez le Mondial du Brésil,Sport,sport,2026-07-19,"Götze, Mineirazo, James Rodríguez, Klose record... Sauras-tu retracer toute l'histoire de la Coupe du Monde 2014, remportée par l'Allemagne au Brésil ?",true,false,data/quizzes/sport/sport-coupe-du-monde-2014.json
quiz-coupe-du-monde-2022,Quiz Sport - Coupe du Monde 2022 - Revivez le Mondial au Qatar,Sport,sport,2026-07-20,"Messi champion, Mbappé hat-trick en finale, Maroc en demies, Arabie saoudite... Sauras-tu retracer toute l'histoire de la Coupe du Monde 2022 au Qatar ?",true,false,data/quizzes/sport/sport-coupe-du-monde-2022.json
quiz-sport-vainqueurs-coupe-du-monde-fifa-depuis-1930,Quiz Sport - Coupe du Monde FIFA - Connais-tu tous les vainqueurs depuis 1930 ?,Sport,sport,,Teste tes connaissances sur tous les vainqueurs de la Coupe du Monde de la FIFA depuis 1930 avec 20 questions passionnantes.,true,true,data/quizzes/sport/sport-vainqueurs-fifa.json
cristiano-ronaldo-connais-tu-tous-ses-exploits,Quiz Sport - Cristiano Ronaldo - Connais-tu vraiment CR7 et ses records ?,Sport,sport,2026-07-15,"Cristiano Ronaldo n'a presque plus de secrets pour toi ? De Manchester United au Real Madrid, de ses Ballons d'Or à ses records avec le Portugal, mesure-toi à 20 questions sur la carrière de CR7.",true,false,data/quizzes/sport/sport-ronaldo.json
quiz-croatie-connais-tu-les-vatreni,Quiz Sport - Croatie - Connais-tu les Vatreni ?,Sport,sport,2026-07-17,"Šahovnica, Modrić, Šuker, finale 2018, 3e place 2022... Sauras-tu retracer toute l'histoire des Vatreni, la plus grande surprise de l'histoire récente du football mondial ?",true,false,data/quizzes/sport/sport-croatie.json
quiz-sport-vainqueurs-vuelta,Quiz Sport - Cyclisme - Connais-tu les vainqueurs de la Vuelta ?,Sport,sport,,Teste tes connaissances sur les vainqueurs de la Vuelta avec 20 questions variées.,true,true,data/quizzes/sport/sport-cyclisme-vuelta.json
quiz-sport-vainqueurs-giro-ditalia,Quiz Sport - Cyclisme - Connais-tu les vainqueurs du Giro d'Italia ?,Sport,sport,,Teste tes connaissances sur les vainqueurs du Giro d'Italia avec 20 questions.,true,true,data/quizzes/sport/sport-cyclisme-italia.json
quiz-sport-vainqueurs-tour-de-france-depuis-1990,Quiz Sport - Cyclisme - Connais-tu les vainqueurs du Tour de France depuis 1990 ?,Sport,sport,,Teste tes connaissances sur les vainqueurs du Tour de France depuis 1990 avec 20 questions.,true,true,data/quizzes/sport/sport-vainqueurs-tour-de-france.json
quiz-diego-maradona-connais-tu-sa-legende,Quiz Sport - Diego Maradona - Connais-tu sa légende ?,Sport,sport,2026-07-15,"Villa Fiorito, Napoli, Main de Dieu, But du Siècle... Sauras-tu retracer toute la vie et la carrière mythique d'El Pibe de Oro ?",true,false,data/quizzes/sport/sport-maradona.json
quiz-espagne-connais-tu-la-roja,Quiz Sport - Espagne - Connais-tu la Roja ?,Sport,sport,2026-07-16,"Tiki-taka, Iniesta, Casillas, 2008-2010-2012, Euro 2024... Sauras-tu retracer toute l'histoire de la Roja, la nation qui domina le football mondial pendant une décennie ?",true,false,data/quizzes/sport/sport-espagne.json
quiz-sport-fc-barcelone,Quiz Sport - FC Barcelone – Les Blaugranas de Cruyff à Yamal,Sport,sport,2026-07-23,"Dream Team, Messi, remontada, MSN, La Masia, Més que un club… De Cruyff à Lamine Yamal, sauras-tu tout sur l'histoire du FC Barcelone, l'un des clubs les plus mythiques du football mondial ?",true,false,data/quizzes/sport/sport-fc-barcelone.json
quiz-sport-ligue-des-champions,Quiz Sport - Football - Connais-tu la Ligue des Champions ?,Sport,sport,2026-06-18,"Teste tes connaissances sur la Ligue des Champions avec 20 questions sur les clubs, joueurs et moments marquants.",true,true,data/quizzes/sport/sport-foot-entraineurs.json
quiz-sport-accidents-marquants-f1,Quiz Sport - Formule 1 - Connais-tu les accidents marquants ?,Sport,sport,,Teste tes connaissances sur les accidents les plus marquants de l'histoire de la Formule 1 avec 20 questions.,true,true,data/quizzes/sport/sport-accident-f1.json
quiz-sport-champions-monde-formule-1-depuis-1950,Quiz Sport - Formule 1 - Connais-tu les champions du monde depuis 1950 ?,Sport,sport,,Teste tes connaissances sur les champions du monde de Formule 1 avec 20 questions.,true,true,data/quizzes/sport/sport-formule1.json
quiz-sport-ecuries-championnes-monde-f1,Quiz Sport - Formule 1 - Connais-tu les écuries championnes du monde ?,Sport,sport,,Teste tes connaissances sur les écuries championnes du monde de Formule 1 avec 20 questions.,true,true,data/quizzes/sport/sport-ecuries.json
quiz-sport-pilotes-plus-victoires-f1,Quiz Sport - Formule 1 - Connais-tu les pilotes avec le plus de victoires ?,Sport,sport,,Teste tes connaissances sur les pilotes les plus victorieux de l'histoire de la Formule 1 avec 20 questions.,true,true,data/quizzes/sport/sport-pilotes-F1.json
les-gardiens-de-legende-en-coupe-du-monde,Quiz Sport - Gardiens de Légende en Coupe du Monde,Sport,sport,2026-07-14,"Yashin, Banks, Zoff, Buffon, Neuer... Sauras-tu reconnaître les héros des cages qui ont marqué l'histoire de la Coupe du Monde ?",true,false,data/quizzes/sport/sport-gardiens-de-buts.json
quiz-sport-inter-milan,Quiz Sport - Inter Milan – L'histoire des Nerazzurri,Sport,sport,2026-08-04,"Grande Inter, treble 2010, Zanetti, Ronaldo, Milito, Mourinho… 20 Scudetti et 3 Ligues des Champions en 116 ans d'histoire. Sauras-tu tout sur les Nerazzurri, le club le plus international du calcio ?",true,false,data/quizzes/sport/sport-inter-milan.json
quiz-italie-connais-tu-la-squadra-azzurra,Quiz Sport - Italie - Connais-tu la Squadra Azzurra ?,Sport,sport,2026-07-16,"Catenaccio, Rossi, Baggio, Zidane, Euro 2020... Sauras-tu retracer toute l'histoire de la Squadra Azzurra, l'une des nations les plus titrées du football mondial ?",true,false,data/quizzes/sport/sport-italie.json
quiz-sport-medailles-or-francais-jo,Quiz Sport - Jeux Olympiques - Connais-tu les médaillés d'or français ?,Sport,sport,,Teste tes connaissances sur les champions olympiques français avec 20 questions.,true,true,data/quizzes/sport/sport-medaille-or-francais.json
quiz-sport-pays-premiers-tableau-medailles-jo,Quiz Sport - Jeux Olympiques - Connais-tu les pays en tête du tableau des médailles ?,Sport,sport,,Teste tes connaissances sur les pays ayant terminé premiers au tableau des médailles aux Jeux Olympiques.,true,true,data/quizzes/sport/sport-pays-medailles.json
quiz-sport-pays-organisateurs-jeux-olympiques,Quiz Sport - Jeux Olympiques - Connais-tu les pays organisateurs ?,Sport,sport,,Teste tes connaissances sur les pays ayant accueilli les Jeux Olympiques d'été.,true,true,data/quizzes/sport/sport-pays-organisateurs.json
quiz-sport-porteurs-flamme-olympique-celebres,Quiz Sport - Jeux Olympiques - Connais-tu les porteurs de la flamme célèbres ?,Sport,sport,,Teste tes connaissances sur les porteurs de la flamme olympique les plus célèbres de l'histoire avec 20 questions.,true,true,data/quizzes/sport/sport-flamme-olympique.json
quiz-sport-records-du-monde-battus-aux-jo,Quiz Sport - Jeux Olympiques - Connais-tu les records du monde battus aux JO ?,Sport,sport,,Teste tes connaissances sur les records du monde les plus marquants battus aux Jeux Olympiques.,true,true,data/quizzes/sport/sport-record-battu.json
quiz-sport-sports-retires-jeux-olympiques,Quiz Sport - Jeux Olympiques - Connais-tu les sports retirés du programme ?,Sport,sport,,Teste tes connaissances sur les sports qui ont disparu des Jeux Olympiques au fil de l'histoire.,true,true,data/quizzes/sport/sport-jo-sport-retires.json
quiz-sport-vainqueurs-100m-jeux-olympiques,Quiz Sport - Jeux Olympiques - Connais-tu les vainqueurs du 100 m depuis 1896 ?,Sport,sport,,Teste tes connaissances sur les champions olympiques du 100 m avec 20 questions.,true,true,data/quizzes/sport/sport-vainqueur-100-m.json
quiz-sport-athletes-plus-medailles-olympiques,Quiz Sport - Jeux Olympiques - Les athlètes les plus médaillés de l'histoire,Sport,sport,,Teste tes connaissances sur les athlètes ayant remporté le plus de médailles aux Jeux Olympiques.,true,true,data/quizzes/sport/sport-athlete-medailles.json
quiz-sport-villes-hotes-jo-hiver,Quiz Sport - Jeux Olympiques d'hiver - Connais-tu les villes hôtes ?,Sport,sport,,Teste tes connaissances sur les villes qui ont accueilli les Jeux Olympiques d'hiver avec 20 questions.,true,true,data/quizzes/sport/sport-hote-villes-jo-hiver.json
quiz-johan-cruyff-connais-tu-sa-legende,Quiz Sport - Johan Cruyff - Connais-tu la légende du football total ?,Sport,sport,2026-07-16,"Amsterdam, Ajax, Barcelone, la Cruyff Turn, le Dream Team... Sauras-tu retracer toute la carrière mythique du génie néerlandais Johan Cruyff ?",true,false,data/quizzes/sport/sport-cruyf.json
quiz-sport-juventus-turin,Quiz Sport - Juventus Turin – La Vieille Dame,Sport,sport,2026-08-02,"36 Scudetti, Platini, Del Piero, Buffon, Zidane, Ronaldo, le Heysel, le Calciopoli, les 9 titres consécutifs… Sauras-tu tout sur la Vecchia Signora, le club le plus titré d'Italie ?",true,false,data/quizzes/sport/sport-juventus.json
quiz-equipe-de-france-coupe-du-monde,Quiz Sport - L'Équipe de France en Coupe du Monde - 20 questions,Sport,sport,2026-06-27,Teste tes connaissances sur l'histoire de l'équipe de France en Coupe du Monde.,true,true,data/quizzes/sport/sport-equipe-france-coupe-du-monde.json
quiz-sport-france-1998,Quiz Sport - Les Bleus à la Coupe du Monde 1998 - 20 questions,Sport,sport,2026-06-29,Teste tes connaissances sur le parcours historique de l'équipe de France lors de la Coupe du Monde 1998.,true,true,data/quizzes/sport/sport-coupe-du-monde-98.json
quiz-carrieres-plus-longues-sport,Quiz Sport - Les Carrières les Plus Longues,Sport,sport,2026-06-09,"Longévité exceptionnelle, records de durée et exploits sur plusieurs décennies : connais-tu les plus grandes carrières du sport ?",true,true,data/quizzes/sport/sport-carriere-longues.json
les-cartons-rouges-les-plus-celebres-en-coupe-du-monde,Quiz Sport - Les Cartons Rouges les Plus Célèbres en Coupe du Monde,Sport,sport,2026-07-15,"Zidane, Beckham, Suárez, Rattin... Sauras-tu reconnaître les exclusions les plus mémorables de l'histoire de la Coupe du Monde ?",true,false,data/quizzes/sport/sport-cartons-rouges.json
quiz-champions-precoces,Quiz Sport - Les Champions Précoces - 20 prodiges qui ont marqué l'histoire,Sport,sport,2026-06-18,"Teste tes connaissances sur les sportifs devenus champions, records ou légendes à un très jeune âge.",true,true,data/quizzes/sport/sport-champions-precoces.json
quiz-diables-rouges-coupe-du-monde,Quiz Sport - Les Diables Rouges En Coupe Du Monde - 20 questions,Sport,sport,2026-06-28,Teste tes connaissances sur l'histoire de la Belgique en Coupe du Monde.,true,true,data/quizzes/sport/sport-diable-rouge.json
quiz-equipes-coupe-du-monde-2026,Quiz Sport - Les Équipes de la Coupe du Monde 2026,Sport,sport,2026-06-27,Teste tes connaissances sur les équipes qualifiées pour la Coupe du Monde 2026.,true,true,data/quizzes/sport/sport-coupe-du-monde-2026.json
quiz-legendes-baseball,Quiz Sport - Les Légendes du Baseball,Sport,sport,2026-06-06,"Babe Ruth, Jackie Robinson, Derek Jeter ou Shohei Ohtani : connais-tu les plus grands noms du baseball ?",true,true,data/quizzes/sport/sport-baseball.json
quiz-sport-golf-legendes-golf-mondial,Quiz Sport - Les légendes du golf mondial,Sport,sport,,Teste tes connaissances sur les plus grands golfeurs de l'histoire avec ce quiz de 20 questions.,true,true,data/quizzes/sport/sport-golf.json
les-legendes-du-hockey-canadien,Quiz Sport - Les Légendes du Hockey Canadien,Sport,sport,2026-07-10,"Gretzky, Howe, Orr, Richard, Roy... Sauras-tu reconnaître les plus grandes légendes du hockey de la LNH ?",true,false,data/quizzes/sport/sport-hockey.json
les-plus-grandes-humiliations-en-coupe-du-monde,Quiz Sport - Les Plus Grandes Humiliations en Coupe du Monde,Sport,sport,2026-07-13,"Maracanazo, Mineirazo, Disgrâce de Gijón... Sauras-tu reconnaître les résultats les plus stupéfiants de l'histoire de la Coupe du Monde ?",true,false,data/quizzes/sport/sport-humiliations-foot.json
quiz-sport-plus-grandes-surprises-coupe-du-monde-football,Quiz Sport - Les Plus Grandes Surprises de la Coupe du Monde de Football - 20 questions,Sport,sport,2026-06-28,Teste tes connaissances sur les plus grands exploits et surprises de l'histoire de la Coupe du Monde de football.,true,true,data/quizzes/sport/sport-surprise-coupe-du-monde.json
quiz-plus-grands-exploits-francais-sport,Quiz Sport - Les Plus Grands Exploits Français,Sport,sport,2026-06-27,Teste tes connaissances sur les exploits les plus marquants réalisés par les sportifs et équipes françaises à travers l'histoire.,true,true,data/quizzes/sport/sport-exploit-francais.json
quiz-plus-grands-retours-sportifs,Quiz Sport - Les Plus Grands Retours Sportifs,Sport,sport,2026-06-12,"Remontadas, retours après blessure et exploits improbables : connais-tu les plus grands retours de l'histoire du sport ?",true,true,data/quizzes/sport/sport-retour-sportif.json
quiz-sport-plus-grands-sportifs-americains,Quiz Sport - Les plus grands sportifs américains - 20 questions,Sport,sport,2026-06-29,"Teste tes connaissances sur les athlètes qui ont marqué l'histoire du sport américain, toutes disciplines confondues.",true,true,data/quizzes/sport/sport-sportifs-americain.json
les-plus-grands-sportifs-belges,Quiz Sport - Les Plus Grands Sportifs Belges,Sport,sport,2026-07-10,"Merckx, Henin, Lukaku, Ickx, Thiam... Sauras-tu reconnaître les plus grands champions belges de l'histoire du sport ?",true,false,data/quizzes/sport/sport-sportifs-belges.json
quiz-sport-les-plus-grands-sportifs-suisses,Quiz Sport - Les Plus Grands Sportifs Suisses,Sport,sport,2026-07-10,"Federer, Schneider, Cancellara, Ammann, Koblet... Sauras-tu reconnaître les plus grands champions de l'histoire sportive suisse ?",true,false,data/quizzes/sport/sport-sportifs-suisse.json
les-plus-jeunes-buteurs-de-coupe-du-monde,Quiz Sport - Les Plus Jeunes Buteurs de Coupe du Monde,Sport,sport,2026-07-14,"Pelé, Mbappé, Owen, Messi... Sauras-tu reconnaître les prodiges qui ont illuminé la Coupe du Monde de leurs buts précoces ?",true,false,data/quizzes/sport/sport-jeunes-buteurs.json
les-records-de-kylian-mbappe,Quiz Sport - Les Records de Kylian Mbappé,Sport,sport,2026-07-15,"Bondy, Monaco, PSG, Real Madrid, Mondial 2018 et 2022... Sauras-tu retracer tous les exploits et records de Kylian Mbappé ?",true,false,data/quizzes/sport/sport-mbappe.json
quiz-records-impossibles-a-battre,Quiz Sport - Les Records Impossibles à Battre - 20 exploits légendaires,Sport,sport,2026-06-21,Teste tes connaissances sur les records les plus impressionnants de l'histoire du sport.,true,true,data/quizzes/sport/sport-exploits-difficile-a-battre.json
quiz-sport-gymnastes-les-plus-titres-histoire,Quiz Sport - Les rois et reines de la gymnastique mondiale,Sport,sport,,Teste tes connaissances sur les plus grands champions de la gymnastique mondiale avec ce quiz de 20 questions.,true,true,data/quizzes/sport/sport-gymnaste.json
quiz-vainqueurs-open-australie,Quiz Sport - Les Vainqueurs de l'Open d'Australie - 20 champions de Melbourne,Sport,sport,2026-06-15,"Teste tes connaissances sur les champions, records et finales marquantes de l'Open d'Australie masculin.",true,true,data/quizzes/sport/sport-open-australie.json
quiz-sport-clubs-vainqueurs-ligue-des-champions,Quiz Sport - Ligue des Champions - Connais-tu tous les clubs vainqueurs ?,Sport,sport,,Teste tes connaissances sur les clubs ayant remporté la Ligue des Champions avec 20 questions.,true,true,data/quizzes/sport/sport-vainqueurs-ligue.json
lionel-messi-connais-tu-toute-sa-carriere,"Quiz Sport - Lionel Messi - Connais-tu sa carrière, ses records et ses Ballons d'Or ?",Sport,sport,2026-07-15,"Rosario, La Masia, Ballon d'Or, Coupe du Monde 2022... Sauras-tu retracer chaque étape de la carrière légendaire de la Pulga ?",true,false,data/quizzes/sport/sport-messi.json
quiz-sport-liverpool-fc,Quiz Sport - Liverpool FC – You'll Never Walk Alone,Sport,sport,2026-07-25,"Anfield, Shankly, Istanbul, Gerrard, Klopp, Salah… 6 Ligues des Champions, la tragédie de Hillsborough et l'hymne le plus célèbre du football. Connais-tu vraiment les Reds ?",true,false,data/quizzes/sport/sport-liverpool-foot.json
quiz-sport-manchester-city-guardiola,Quiz Sport - Manchester City – L'ère Guardiola,Sport,sport,2026-07-29,"Centurions, triplé 2023, Haaland, De Bruyne, Rodri, Foden, Agüero… Sauras-tu tout sur la domination historique de Manchester City sous la direction de Pep Guardiola, l'entraîneur qui a tout réinventé ?",true,false,data/quizzes/sport/sport-manchester-city.json
quiz-sport-manchester-united,Quiz Sport - Manchester United – Les Red Devils à travers les époques,Sport,sport,2026-07-24,"Busby Babes, Munich, Cantona, la Classe de 92, le triplé de 99, Ronaldo, Ferguson… Sauras-tu retracer l'histoire des Red Devils, du plus grand club anglais de tous les temps ?",true,false,data/quizzes/sport/sport-foot-manchester.json
quiz-michel-platini-connais-tu-sa-carriere,Quiz Sport - Michel Platini - Connais-tu le plus grand joueur français de l'histoire ?,Sport,sport,2026-07-16,"Jœuf, Nancy, Saint-Étienne, Juventus, Euro 1984, trois Ballons d'Or... Sauras-tu retracer toute la carrière de Platini, le roi du football français ?",true,false,data/quizzes/sport/sport-michel-platini.json
quiz-sport-olympique-de-marseille,Quiz Sport - Olympique de Marseille – Le défi ultime pour les supporters marseillais,Sport,sport,2026-08-08,"Tapie, Goethals, Boli, Deschamps, Barthez, Papin, Skoblar, le scandale VA-OM, la finale 1993 à Munich… Sauras-tu retracer l'histoire de l'OM, unique club français vainqueur de la Ligue des Champions ?",true,false,data/quizzes/sport/sport-om.json
quiz-sport-olympique-lyonnais,Quiz Sport - Olympique Lyonnais – Les grandes années de l'OL,Sport,sport,2026-08-09,"7 titres consécutifs, Juninho, Benzema, Coupet, Lacazette, Essien, Lloris, Ada Hegerberg et l'incroyable OL Féminin… Sauras-tu tout sur les grandes années de l'Olympique Lyonnais ?",true,false,data/quizzes/sport/sport-ol.json
quiz-sport-paris-saint-germain,Quiz Sport - Paris Saint-Germain – L'histoire du PSG,Sport,sport,2026-08-07,"QSI, Ibrahimović, la remontada, Neymar, Mbappé, la finale 2020 contre le Bayern… Sauras-tu retracer l'histoire du Paris Saint-Germain, du club modeste de 1970 au géant mondial qu'il est devenu ?",true,false,data/quizzes/sport/sport-psg.json
quiz-pays-bas-connais-tu-les-oranje,Quiz Sport - Pays-Bas - Connais-tu les Oranje ?,Sport,sport,2026-07-17,"Cruyff, Van Basten, Bergkamp, Football Total, trois finales de Coupe du Monde sans titre... Sauras-tu retracer toute l'histoire des Oranje, le plus grand perdant légendaire du football mondial ?",true,false,data/quizzes/sport/sport-pays-bas.json
quiz-pele-connais-tu-le-roi-du-football,Quiz Sport - Pelé - Connais-tu le Roi du football ?,Sport,sport,2026-07-15,"Três Corações, Santos, trois Coupes du Monde, New York Cosmos... Sauras-tu retracer toute la vie et la carrière légendaire de Pelé, O Rei ?",true,false,data/quizzes/sport/sport-pele.json
quiz-portugal-connais-tu-la-selecao,Quiz Sport - Portugal - Connais-tu la Seleção ?,Sport,sport,2026-07-16,"Eusébio, Figo, Cristiano Ronaldo, Euro 2016, la génération dorée... Sauras-tu retracer toute l'histoire de la Seleção, l'une des nations les plus attachantes du football mondial ?",true,false,data/quizzes/sport/sport-portugal.json
quiz-sport-real-madrid,Quiz Sport - Real Madrid – Le plus grand club de l'histoire ?,Sport,sport,2026-07-26,"Di Stéfano, Zidane, Ronaldo, Benzema, Vinicius… 15 Ligues des Champions, des Galácticos aux remontadas. Sauras-tu tout sur le club le plus titré de l'histoire du football mondial ?",true,false,data/quizzes/sport/sport-real-madrid.json
quiz-sport-vainqueurs-hommes-roland-garros-depuis-1968,Quiz Sport - Roland-Garros - Connais-tu les vainqueurs hommes depuis 1968 ?,Sport,sport,,Teste tes connaissances sur les vainqueurs du simple messieurs de Roland-Garros depuis l'ère Open avec 20 questions.,true,true,data/quizzes/sport/sport-vainqueurs-rolland-garros.json
quiz-ronaldinho-connais-tu-le-magicien-bresilien,Quiz Sport - Ronaldinho - Connais-tu le Magicien brésilien ?,Sport,sport,2026-07-16,"Grêmio, PSG, Barcelona, la Coupe du Monde 2002, le Ballon d'Or... Sauras-tu retracer toute la carrière enchanteresse de Ronaldinho Gaúcho ?",true,false,data/quizzes/sport/sport-ronaldhino.json
quiz-ronaldo-nazario-connais-tu-le-fenomeno,Quiz Sport - Ronaldo Nazário - Connais-tu O Fenômeno ?,Sport,sport,2026-07-15,"Cruzeiro, Barcelona, Inter, Real Madrid, deux Coupes du Monde... Sauras-tu retracer toute la carrière brillante et tourmentée du Phénomène brésilien ?",true,false,data/quizzes/sport/sport-fenomeno.json
quiz-sport-joueurs-plus-de-selections-rugby,Quiz Sport - Rugby - Connais-tu les joueurs avec le plus de sélections ?,Sport,sport,,Teste tes connaissances sur les joueurs les plus capés de l'histoire du rugby international avec 20 questions.,true,true,data/quizzes/sport/sport-rugby-selection.json
quiz-sport-vainqueurs-coupe-du-monde-rugby,Quiz Sport - Rugby - Connais-tu les vainqueurs de la Coupe du Monde ?,Sport,sport,,Teste tes connaissances sur les vainqueurs de la Coupe du Monde de rugby avec 20 questions.,true,true,data/quizzes/sport/sport-rugby.json
quiz-sport-vainqueurs-6-nations-depuis-2000,Quiz Sport - Rugby - Connais-tu les vainqueurs du Tournoi des 6 Nations depuis 2000 ?,Sport,sport,,Teste tes connaissances sur les vainqueurs du Tournoi des 6 Nations depuis 2000 avec 20 questions.,true,true,data/quizzes/sport/sport-rugby-finale.json
quiz-sport-combattants-invaincus,Quiz Sport - Sports de combat - Connais-tu les combattants invaincus ?,Sport,sport,,Teste tes connaissances sur les combattants invaincus et les longues séries sans défaite dans les sports de combat avec 20 questions.,true,true,data/quizzes/sport/sport-boxe-invaincu.json
quiz-sport-ssc-naples,Quiz Sport - SSC Naples – De Maradona à aujourd'hui,Sport,sport,2026-08-06,"Maradona, le Scudetto de 1987, la Coupe UEFA 1989, Mertens, Osimhen, Kvaratskhelia et le titre de 2023… Sauras-tu tout sur le SSC Naples, club emblématique de la cité parthénopéenne et de l'Italie du sud ?",true,false,data/quizzes/sport/sport-ssc-naples.json
quiz-sport-joueurs-ayant-remporte-les-4-grands-chelems,Quiz Sport - Tennis - Connais-tu les joueurs ayant remporté les 4 Grands Chelems ?,Sport,sport,,Teste tes connaissances sur les légendes du tennis ayant remporté les quatre tournois du Grand Chelem en simple au cours de leur carrière.,true,true,data/quizzes/sport/sport-grands-chelems.json
quiz-sport-matchs-les-plus-longs-histoire-tennis,Quiz Sport - Tennis - Connais-tu les matchs les plus longs de l'histoire ?,Sport,sport,,Teste tes connaissances sur les matchs les plus longs de l'histoire du tennis avec 20 questions sur les plus grands marathons du circuit.,true,true,data/quizzes/sport/sport-match-longs.json
quiz-thierry-henry-carriere-meilleur-buteur-bleus,Quiz Sport - Thierry Henry - Connais-tu la carrière du meilleur buteur historique des Bleus ?,Sport,sport,2026-07-15,"Les Ulis, Monaco, Arsenal, Barcelone, New York... Sauras-tu retracer toute la carrière légendaire de Thierry Henry, icône du football français ?",true,false,data/quizzes/sport/sport-thierry-henry.json
quiz-sport-tottenham-hotspur,Quiz Sport - Tottenham Hotspur – Connais-tu vraiment les Spurs ?,Sport,sport,2026-07-30,"Double 1961, Klinsmann, Bale vendu à Madrid, Pochettino, la nuit de l'Ajax, la finale perdue à Madrid, Harry Kane parti sans trophée… Les Spurs ont une histoire aussi riche que frustrante.",true,false,data/quizzes/sport/sport-tottenham.json
les-pays-organisateurs-de-la-coupe-du-monde,Quiz Sport - Tous les pays organisateurs de la Coupe du Monde - Sauras-tu tous les retrouver ?,Sport,sport,2026-07-14,"Uruguay 1930, Angleterre 1966, Qatar 2022... Sauras-tu retracer toute l'histoire des pays organisateurs de la Coupe du Monde ?",true,false,data/quizzes/sport/sport-pays-hote-coupe-du-monde.json
quiz-sport-gagnantes-wimbledon-depuis-2000,Quiz Sport - Wimbledon - Connais-tu les gagnantes depuis 2000 ?,Sport,sport,,Teste tes connaissances sur les gagnantes du simple dames de Wimbledon depuis 2000 avec 20 questions.,true,true,data/quizzes/sport/sport-wimbelson.json
quiz-zinedine-zidane-connais-tu-toute-sa-carriere,Quiz Sport - Zinedine Zidane - Connais-tu toute sa carrière ?,Sport,sport,2026-07-15,"Marseille, Bordeaux, Juventus, Real Madrid, Coupe du Monde 1998, coup de tête 2006... Sauras-tu retracer toute la carrière légendaire de Zizou ?",true,false,data/quizzes/sport/sport-zinedine-zidane.json
quiz-coupe-du-monde-1934,Quiz Sport- Coupe du Monde 1934 - Connais-tu le deuxième Mondial de l'histoire ?,Sport,sport,2026-07-17,"Italie, Mussolini, Vittorio Pozzo, Luis Monti, Wunderteam... Sauras-tu retracer toute l'histoire de la Coupe du Monde 1934 organisée en Italie fasciste ?",true,false,data/quizzes/sport/sport-coupe-du-monde-1934.json